{
    "version": "0.4",
    "title": "404",
    "type": "error-404",
    "metadata": {
        "template_type": "single-404",
        "include_in_zip": "1",
        "elementor_pro_required": "1",
        "elementor_library_type": "error-404",
        "elementor_pro_conditions": [
            "include\/singular\/not_found404"
        ],
        "additional_template_information": [
            "This is a \"Error 404\" template for Elementor Pro.",
            "This template will display on: 404 Page."
        ],
        "wp_page_template": "elementor_header_footer"
    },
    "content": [
        {
            "id": "4ecab6b7",
            "settings": {
                "padding": {
                    "unit": "px",
                    "top": "0",
                    "right": "20",
                    "bottom": "0",
                    "left": "20",
                    "isLinked": false
                },
                "padding_tablet": {
                    "unit": "px",
                    "top": "0",
                    "right": "20",
                    "bottom": "60",
                    "left": "20",
                    "isLinked": false
                },
                "structure": "20",
                "flex_direction": "row",
                "flex_align_items": "center",
                "flex_gap": {
                    "size": null,
                    "column": "",
                    "row": "",
                    "unit": "px",
                    "isLinked": true
                },
                "flex_justify_content": "space-between",
                "flex_wrap": "nowrap",
                "flex_wrap_tablet": "wrap",
                "background_image": {
                    "url": "",
                    "id": "",
                    "size": ""
                },
                "background_video_fallback": {
                    "url": "",
                    "id": "",
                    "size": ""
                },
                "background_slideshow_gallery": [],
                "background_hover_image": {
                    "url": "",
                    "id": "",
                    "size": ""
                },
                "background_hover_video_fallback": {
                    "url": "",
                    "id": "",
                    "size": ""
                },
                "background_hover_slideshow_gallery": [],
                "background_overlay_image": {
                    "url": "",
                    "id": "",
                    "size": ""
                },
                "background_overlay_video_fallback": {
                    "url": "",
                    "id": "",
                    "size": ""
                },
                "background_overlay_slideshow_gallery": [],
                "background_overlay_hover_image": {
                    "url": "",
                    "id": "",
                    "size": ""
                },
                "background_overlay_hover_video_fallback": {
                    "url": "",
                    "id": "",
                    "size": ""
                },
                "background_overlay_hover_slideshow_gallery": []
            },
            "elements": [
                {
                    "id": "5da10396",
                    "settings": {
                        "_column_size": 50,
                        "width": {
                            "size": null,
                            "unit": "%"
                        },
                        "width_tablet": {
                            "size": 100,
                            "unit": "%"
                        },
                        "margin": {
                            "unit": "px",
                            "top": "120",
                            "right": "0",
                            "bottom": "0",
                            "left": "0",
                            "isLinked": false
                        },
                        "content_width": "full",
                        "margin_mobile": {
                            "unit": "px",
                            "top": "60",
                            "right": "0",
                            "bottom": "0",
                            "left": "0",
                            "isLinked": false
                        },
                        "background_image": {
                            "url": "",
                            "id": "",
                            "size": ""
                        },
                        "background_video_fallback": {
                            "url": "",
                            "id": "",
                            "size": ""
                        },
                        "background_slideshow_gallery": [],
                        "background_hover_image": {
                            "url": "",
                            "id": "",
                            "size": ""
                        },
                        "background_hover_video_fallback": {
                            "url": "",
                            "id": "",
                            "size": ""
                        },
                        "background_hover_slideshow_gallery": [],
                        "background_overlay_image": {
                            "url": "",
                            "id": "",
                            "size": ""
                        },
                        "background_overlay_video_fallback": {
                            "url": "",
                            "id": "",
                            "size": ""
                        },
                        "background_overlay_slideshow_gallery": [],
                        "background_overlay_hover_image": {
                            "url": "",
                            "id": "",
                            "size": ""
                        },
                        "background_overlay_hover_video_fallback": {
                            "url": "",
                            "id": "",
                            "size": ""
                        },
                        "background_overlay_hover_slideshow_gallery": []
                    },
                    "elements": [
                        {
                            "id": "469c6520",
                            "settings": {
                                "source": "external_url",
                                "source_external_url": {
                                    "url": "https:\/\/lottie.host\/31bcf1bd-65f0-46f8-a2d3-31183a6239a6\/ZeVT05UuHh.json",
                                    "is_external": "",
                                    "nofollow": "",
                                    "custom_attributes": ""
                                },
                                "loop": "yes",
                                "width": {
                                    "unit": "px",
                                    "size": 600,
                                    "sizes": []
                                },
                                "space": {
                                    "unit": "%",
                                    "size": 100,
                                    "sizes": []
                                },
                                "width_tablet": {
                                    "unit": "px",
                                    "size": "",
                                    "sizes": []
                                },
                                "width_mobile": {
                                    "unit": "px",
                                    "size": "",
                                    "sizes": []
                                },
                                "source_json": {
                                    "url": "",
                                    "id": "",
                                    "size": ""
                                },
                                "_background_image": {
                                    "url": "",
                                    "id": "",
                                    "size": ""
                                },
                                "_background_video_fallback": {
                                    "url": "",
                                    "id": "",
                                    "size": ""
                                },
                                "_background_slideshow_gallery": [],
                                "_background_hover_image": {
                                    "url": "",
                                    "id": "",
                                    "size": ""
                                },
                                "_background_hover_video_fallback": {
                                    "url": "",
                                    "id": "",
                                    "size": ""
                                },
                                "_background_hover_slideshow_gallery": [],
                                "_mask_image": {
                                    "url": "",
                                    "id": "",
                                    "size": ""
                                }
                            },
                            "elements": [],
                            "isInner": false,
                            "widgetType": "lottie",
                            "elType": "widget"
                        }
                    ],
                    "isInner": true,
                    "elType": "container"
                },
                {
                    "id": "795594b6",
                    "settings": {
                        "_column_size": 50,
                        "width": {
                            "size": null,
                            "unit": "%"
                        },
                        "width_tablet": {
                            "size": 100,
                            "unit": "%"
                        },
                        "flex_justify_content": "center",
                        "content_width": "full",
                        "background_image": {
                            "url": "",
                            "id": "",
                            "size": ""
                        },
                        "background_video_fallback": {
                            "url": "",
                            "id": "",
                            "size": ""
                        },
                        "background_slideshow_gallery": [],
                        "background_hover_image": {
                            "url": "",
                            "id": "",
                            "size": ""
                        },
                        "background_hover_video_fallback": {
                            "url": "",
                            "id": "",
                            "size": ""
                        },
                        "background_hover_slideshow_gallery": [],
                        "background_overlay_image": {
                            "url": "",
                            "id": "",
                            "size": ""
                        },
                        "background_overlay_video_fallback": {
                            "url": "",
                            "id": "",
                            "size": ""
                        },
                        "background_overlay_slideshow_gallery": [],
                        "background_overlay_hover_image": {
                            "url": "",
                            "id": "",
                            "size": ""
                        },
                        "background_overlay_hover_video_fallback": {
                            "url": "",
                            "id": "",
                            "size": ""
                        },
                        "background_overlay_hover_slideshow_gallery": []
                    },
                    "elements": [
                        {
                            "id": "2c9bc97",
                            "settings": {
                                "title": "Opps! Page not found!",
                                "align": "left",
                                "_margin_tablet": {
                                    "unit": "px",
                                    "top": "30",
                                    "right": "0",
                                    "bottom": "0",
                                    "left": "0",
                                    "isLinked": false
                                },
                                "align_tablet": "center",
                                "__globals__": {
                                    "typography_typography": "globals\/typography?id=57011a0"
                                },
                                "_background_image": {
                                    "url": "",
                                    "id": "",
                                    "size": ""
                                },
                                "_background_video_fallback": {
                                    "url": "",
                                    "id": "",
                                    "size": ""
                                },
                                "_background_slideshow_gallery": [],
                                "_background_hover_image": {
                                    "url": "",
                                    "id": "",
                                    "size": ""
                                },
                                "_background_hover_video_fallback": {
                                    "url": "",
                                    "id": "",
                                    "size": ""
                                },
                                "_background_hover_slideshow_gallery": [],
                                "_mask_image": {
                                    "url": "",
                                    "id": "",
                                    "size": ""
                                }
                            },
                            "elements": [],
                            "isInner": false,
                            "widgetType": "heading",
                            "elType": "widget"
                        },
                        {
                            "id": "5c95c695",
                            "settings": {
                                "align": "left",
                                "editor": "<p>Ut elit tellus, luctus nec ullamcorper mattis, pulvinar dapibus leo.<\/p>",
                                "align_tablet": "center",
                                "__globals__": {
                                    "typography_typography": "globals\/typography?id=8e45c84"
                                },
                                "_background_image": {
                                    "url": "",
                                    "id": "",
                                    "size": ""
                                },
                                "_background_video_fallback": {
                                    "url": "",
                                    "id": "",
                                    "size": ""
                                },
                                "_background_slideshow_gallery": [],
                                "_background_hover_image": {
                                    "url": "",
                                    "id": "",
                                    "size": ""
                                },
                                "_background_hover_video_fallback": {
                                    "url": "",
                                    "id": "",
                                    "size": ""
                                },
                                "_background_hover_slideshow_gallery": [],
                                "_mask_image": {
                                    "url": "",
                                    "id": "",
                                    "size": ""
                                }
                            },
                            "elements": [],
                            "isInner": false,
                            "widgetType": "text-editor",
                            "elType": "widget"
                        },
                        {
                            "id": "4bd31340",
                            "settings": {
                                "text": "Go to homepage",
                                "align": "left",
                                "size": "lg",
                                "__dynamic__": {
                                    "link": "[elementor-tag id=\"b73097e\" name=\"site-url\" settings=\"%7B%7D\"]"
                                },
                                "align_tablet": "center",
                                "align_mobile": "justify",
                                "selected_icon": {
                                    "value": "",
                                    "library": ""
                                },
                                "background_video_fallback": {
                                    "url": "",
                                    "id": "",
                                    "size": ""
                                },
                                "background_slideshow_gallery": [],
                                "button_background_hover_video_fallback": {
                                    "url": "",
                                    "id": "",
                                    "size": ""
                                },
                                "button_background_hover_slideshow_gallery": [],
                                "_background_image": {
                                    "url": "",
                                    "id": "",
                                    "size": ""
                                },
                                "_background_video_fallback": {
                                    "url": "",
                                    "id": "",
                                    "size": ""
                                },
                                "_background_slideshow_gallery": [],
                                "_background_hover_image": {
                                    "url": "",
                                    "id": "",
                                    "size": ""
                                },
                                "_background_hover_video_fallback": {
                                    "url": "",
                                    "id": "",
                                    "size": ""
                                },
                                "_background_hover_slideshow_gallery": [],
                                "_mask_image": {
                                    "url": "",
                                    "id": "",
                                    "size": ""
                                }
                            },
                            "elements": [],
                            "isInner": false,
                            "widgetType": "button",
                            "elType": "widget"
                        }
                    ],
                    "isInner": true,
                    "elType": "container"
                }
            ],
            "isInner": false,
            "elType": "container"
        }
    ]
}