{
    "version": "0.4",
    "title": "Archive Blog",
    "type": "archive",
    "metadata": {
        "template_type": "archive-blog",
        "include_in_zip": "1",
        "elementor_pro_required": "1",
        "elementor_library_type": "archive",
        "elementor_pro_conditions": [
            "include\/archive\/post_archive"
        ],
        "additional_template_information": [
            "This is a \"Archive\" template for Elementor Pro.",
            "This template will display on: Posts archive."
        ],
        "wp_page_template": "elementor_header_footer"
    },
    "content": [
        {
            "id": "f92dd1b",
            "settings": {
                "padding": {
                    "unit": "px",
                    "top": "0",
                    "right": "20",
                    "bottom": "0",
                    "left": "20",
                    "isLinked": false
                },
                "custom_height": {
                    "unit": "px",
                    "size": "",
                    "sizes": []
                },
                "custom_height_tablet": {
                    "unit": "vh",
                    "size": "",
                    "sizes": []
                },
                "custom_height_mobile": {
                    "unit": "vh",
                    "size": "",
                    "sizes": []
                },
                "flex_align_items": "stretch",
                "_title": "Archive Title",
                "background_background": "classic",
                "__globals__": {
                    "background_color": "globals\/colors?id=d50d898"
                },
                "background_overlay_background": "classic",
                "background_overlay_image": {
                    "url": "https:\/\/templateup.site\/law-order\/wp-content\/uploads\/sites\/34\/2024\/09\/img-background-02-min-min.jpg",
                    "id": "23",
                    "size": ""
                },
                "background_overlay_position": "center center",
                "background_overlay_repeat": "no-repeat",
                "background_overlay_size": "cover",
                "background_overlay_opacity": {
                    "unit": "px",
                    "size": 0.3,
                    "sizes": []
                },
                "overlay_blend_mode": "luminosity",
                "flex_direction": "row",
                "flex_gap": {
                    "size": null,
                    "column": "",
                    "row": "",
                    "unit": "px",
                    "isLinked": true
                },
                "min_height": {
                    "unit": "px",
                    "size": 300,
                    "sizes": []
                },
                "flex_justify_content": "center",
                "flex_wrap": "nowrap",
                "as_bs_lists": [],
                "as_bs_lists_h": [],
                "as_ts_lists": [],
                "as_ts_lists_h": [],
                "as_ds_lists": [],
                "as_ds_lists_h": [],
                "background_image": {
                    "url": "",
                    "id": "",
                    "size": ""
                },
                "background_video_fallback": {
                    "url": "",
                    "id": "",
                    "size": ""
                },
                "background_slideshow_gallery": [],
                "background_hover_image": {
                    "url": "",
                    "id": "",
                    "size": ""
                },
                "background_hover_video_fallback": {
                    "url": "",
                    "id": "",
                    "size": ""
                },
                "background_hover_slideshow_gallery": [],
                "background_overlay_video_fallback": {
                    "url": "",
                    "id": "",
                    "size": ""
                },
                "background_overlay_slideshow_gallery": [],
                "background_overlay_hover_image": {
                    "url": "",
                    "id": "",
                    "size": ""
                },
                "background_overlay_hover_video_fallback": {
                    "url": "",
                    "id": "",
                    "size": ""
                },
                "background_overlay_hover_slideshow_gallery": []
            },
            "elements": [
                {
                    "id": "596398a1",
                    "settings": {
                        "_column_size": 100,
                        "width": {
                            "size": null,
                            "unit": "%"
                        },
                        "flex_justify_content": "center",
                        "border_border": "solid",
                        "border_width": {
                            "unit": "px",
                            "top": "0",
                            "right": "0",
                            "bottom": "1",
                            "left": "0",
                            "isLinked": false
                        },
                        "padding": {
                            "unit": "px",
                            "top": "90",
                            "right": "0",
                            "bottom": "90",
                            "left": "0",
                            "isLinked": false
                        },
                        "__globals__": {
                            "border_color": "globals\/colors?id=d50d898"
                        },
                        "width_tablet": {
                            "size": 100,
                            "unit": "%"
                        },
                        "align": "space-between",
                        "content_width": "full",
                        "flex_direction": "row",
                        "flex_align_items": "center",
                        "flex_gap": {
                            "column": "60",
                            "row": "60",
                            "isLinked": true,
                            "unit": "px",
                            "size": 60
                        },
                        "flex_gap_tablet_extra": {
                            "column": "0",
                            "row": "0",
                            "isLinked": true,
                            "unit": "px",
                            "size": 0
                        },
                        "flex_gap_tablet": {
                            "column": "",
                            "row": "",
                            "isLinked": true,
                            "unit": "px",
                            "size": null
                        },
                        "flex_wrap": "nowrap",
                        "flex_wrap_tablet_extra": "wrap",
                        "flex_wrap_tablet": "wrap",
                        "as_bs_lists": [],
                        "as_bs_lists_h": [],
                        "as_ts_lists": [],
                        "as_ts_lists_h": [],
                        "as_ds_lists": [],
                        "as_ds_lists_h": [],
                        "background_image": {
                            "url": "",
                            "id": "",
                            "size": ""
                        },
                        "background_video_fallback": {
                            "url": "",
                            "id": "",
                            "size": ""
                        },
                        "background_slideshow_gallery": [],
                        "background_hover_image": {
                            "url": "",
                            "id": "",
                            "size": ""
                        },
                        "background_hover_video_fallback": {
                            "url": "",
                            "id": "",
                            "size": ""
                        },
                        "background_hover_slideshow_gallery": [],
                        "background_overlay_image": {
                            "url": "",
                            "id": "",
                            "size": ""
                        },
                        "background_overlay_video_fallback": {
                            "url": "",
                            "id": "",
                            "size": ""
                        },
                        "background_overlay_slideshow_gallery": [],
                        "background_overlay_hover_image": {
                            "url": "",
                            "id": "",
                            "size": ""
                        },
                        "background_overlay_hover_video_fallback": {
                            "url": "",
                            "id": "",
                            "size": ""
                        },
                        "background_overlay_hover_slideshow_gallery": []
                    },
                    "elements": [
                        {
                            "id": "244ebe1f",
                            "settings": {
                                "content_width": "full",
                                "width": {
                                    "unit": "%",
                                    "size": 60,
                                    "sizes": []
                                },
                                "width_tablet_extra": {
                                    "unit": "%",
                                    "size": 100,
                                    "sizes": []
                                },
                                "width_tablet": {
                                    "unit": "%",
                                    "size": 100,
                                    "sizes": []
                                },
                                "width_mobile_extra": {
                                    "unit": "%",
                                    "size": "",
                                    "sizes": []
                                },
                                "width_mobile": {
                                    "unit": "%",
                                    "size": "",
                                    "sizes": []
                                },
                                "min_height": {
                                    "unit": "px",
                                    "size": 120,
                                    "sizes": []
                                },
                                "flex_direction": "column",
                                "flex_justify_content": "center",
                                "flex_align_items": "flex-start",
                                "flex_wrap": "nowrap",
                                "as_bs_lists": [],
                                "as_bs_lists_h": [],
                                "as_ts_lists": [],
                                "as_ts_lists_h": [],
                                "as_ds_lists": [],
                                "as_ds_lists_h": [],
                                "background_image": {
                                    "url": "",
                                    "id": "",
                                    "size": ""
                                },
                                "background_video_fallback": {
                                    "url": "",
                                    "id": "",
                                    "size": ""
                                },
                                "background_slideshow_gallery": [],
                                "background_hover_image": {
                                    "url": "",
                                    "id": "",
                                    "size": ""
                                },
                                "background_hover_video_fallback": {
                                    "url": "",
                                    "id": "",
                                    "size": ""
                                },
                                "background_hover_slideshow_gallery": [],
                                "background_overlay_image": {
                                    "url": "",
                                    "id": "",
                                    "size": ""
                                },
                                "background_overlay_video_fallback": {
                                    "url": "",
                                    "id": "",
                                    "size": ""
                                },
                                "background_overlay_slideshow_gallery": [],
                                "background_overlay_hover_image": {
                                    "url": "",
                                    "id": "",
                                    "size": ""
                                },
                                "background_overlay_hover_video_fallback": {
                                    "url": "",
                                    "id": "",
                                    "size": ""
                                },
                                "background_overlay_hover_slideshow_gallery": []
                            },
                            "elements": [
                                {
                                    "id": "16787e5d",
                                    "settings": {
                                        "space": {
                                            "unit": "px",
                                            "size": 120,
                                            "sizes": []
                                        },
                                        "_element_width": "initial",
                                        "_element_custom_width": {
                                            "unit": "px",
                                            "size": 120,
                                            "sizes": []
                                        },
                                        "_position": "absolute",
                                        "_transform_translate_popover": "transform",
                                        "_transform_translateX_effect": {
                                            "unit": "px",
                                            "size": -40,
                                            "sizes": []
                                        },
                                        "_transform_translateY_effect": {
                                            "unit": "vh",
                                            "size": 0,
                                            "sizes": []
                                        },
                                        "_transform_translateY_effect_laptop": {
                                            "unit": "vh",
                                            "size": "",
                                            "sizes": []
                                        },
                                        "_transform_translateY_effect_tablet_extra": {
                                            "unit": "vh",
                                            "size": "",
                                            "sizes": []
                                        },
                                        "_transform_translateY_effect_tablet": {
                                            "unit": "vh",
                                            "size": "",
                                            "sizes": []
                                        },
                                        "_transform_translateY_effect_mobile_extra": {
                                            "unit": "vh",
                                            "size": "",
                                            "sizes": []
                                        },
                                        "_transform_translateY_effect_mobile": {
                                            "unit": "vh",
                                            "size": "",
                                            "sizes": []
                                        },
                                        "_transform_flipX_effect": "transform",
                                        "_background_background": "classic",
                                        "_mask_shape": "",
                                        "_mask_image": {
                                            "url": "",
                                            "id": "",
                                            "size": ""
                                        },
                                        "_mask_size_scale": {
                                            "unit": "px",
                                            "size": "",
                                            "sizes": []
                                        },
                                        "_mask_size_scale_widescreen": {
                                            "unit": "vw",
                                            "size": "",
                                            "sizes": []
                                        },
                                        "_mask_size_scale_laptop": {
                                            "unit": "vw",
                                            "size": "",
                                            "sizes": []
                                        },
                                        "_mask_size_scale_tablet_extra": {
                                            "unit": "vw",
                                            "size": "",
                                            "sizes": []
                                        },
                                        "_mask_size_scale_tablet": {
                                            "unit": "vw",
                                            "size": "",
                                            "sizes": []
                                        },
                                        "_mask_size_scale_mobile_extra": {
                                            "unit": "vw",
                                            "size": "",
                                            "sizes": []
                                        },
                                        "_mask_size_scale_mobile": {
                                            "unit": "vw",
                                            "size": "",
                                            "sizes": []
                                        },
                                        "__globals__": {
                                            "_background_color": ""
                                        },
                                        "_background_image": {
                                            "url": "https:\/\/templateup.site\/law-order\/wp-content\/uploads\/sites\/34\/2024\/09\/img-shape-04-min.png",
                                            "id": 16,
                                            "size": "",
                                            "alt": "",
                                            "source": "library"
                                        },
                                        "_background_position": "center center",
                                        "_background_repeat": "no-repeat",
                                        "_background_size": "contain",
                                        "_z_index": 0,
                                        "as_bs_lists": [],
                                        "as_bs_lists_h": [],
                                        "as_ts_lists": [],
                                        "as_ts_lists_h": [],
                                        "as_ds_lists": [],
                                        "as_ds_lists_h": [],
                                        "_background_video_fallback": {
                                            "url": "",
                                            "id": "",
                                            "size": ""
                                        },
                                        "_background_slideshow_gallery": [],
                                        "_background_hover_image": {
                                            "url": "",
                                            "id": "",
                                            "size": ""
                                        },
                                        "_background_hover_video_fallback": {
                                            "url": "",
                                            "id": "",
                                            "size": ""
                                        },
                                        "_background_hover_slideshow_gallery": []
                                    },
                                    "elements": [],
                                    "isInner": false,
                                    "widgetType": "spacer",
                                    "elType": "widget"
                                },
                                {
                                    "id": "13372c84",
                                    "settings": {
                                        "space": {
                                            "unit": "px",
                                            "size": 120,
                                            "sizes": []
                                        },
                                        "_element_width": "initial",
                                        "_element_custom_width": {
                                            "unit": "px",
                                            "size": 120,
                                            "sizes": []
                                        },
                                        "_position": "absolute",
                                        "_offset_orientation_h": "end",
                                        "_transform_translate_popover": "transform",
                                        "_transform_translateX_effect": {
                                            "unit": "px",
                                            "size": -40,
                                            "sizes": []
                                        },
                                        "_transform_translateX_effect_mobile": {
                                            "unit": "px",
                                            "size": 0,
                                            "sizes": []
                                        },
                                        "_transform_translateY_effect": {
                                            "unit": "px",
                                            "size": -52,
                                            "sizes": []
                                        },
                                        "_transform_translateY_effect_laptop": {
                                            "unit": "vh",
                                            "size": "",
                                            "sizes": []
                                        },
                                        "_transform_translateY_effect_tablet_extra": {
                                            "unit": "vh",
                                            "size": "",
                                            "sizes": []
                                        },
                                        "_transform_translateY_effect_tablet": {
                                            "unit": "vh",
                                            "size": "",
                                            "sizes": []
                                        },
                                        "_transform_translateY_effect_mobile_extra": {
                                            "unit": "vh",
                                            "size": "",
                                            "sizes": []
                                        },
                                        "_transform_translateY_effect_mobile": {
                                            "unit": "vh",
                                            "size": "",
                                            "sizes": []
                                        },
                                        "_transform_flipX_effect": "transform",
                                        "_background_background": "classic",
                                        "_mask_shape": "",
                                        "_mask_image": {
                                            "url": "",
                                            "id": "",
                                            "size": ""
                                        },
                                        "__globals__": {
                                            "_background_color": ""
                                        },
                                        "_background_image": {
                                            "url": "https:\/\/templateup.site\/law-order\/wp-content\/uploads\/sites\/34\/2024\/09\/shape-tt-2.png",
                                            "id": 208,
                                            "size": "",
                                            "alt": "",
                                            "source": "library"
                                        },
                                        "_background_position": "center center",
                                        "_background_repeat": "no-repeat",
                                        "_background_size": "contain",
                                        "as_bs_lists": [],
                                        "as_bs_lists_h": [],
                                        "as_ts_lists": [],
                                        "as_ts_lists_h": [],
                                        "as_ds_lists": [],
                                        "as_ds_lists_h": [],
                                        "_background_video_fallback": {
                                            "url": "",
                                            "id": "",
                                            "size": ""
                                        },
                                        "_background_slideshow_gallery": [],
                                        "_background_hover_image": {
                                            "url": "",
                                            "id": "",
                                            "size": ""
                                        },
                                        "_background_hover_video_fallback": {
                                            "url": "",
                                            "id": "",
                                            "size": ""
                                        },
                                        "_background_hover_slideshow_gallery": []
                                    },
                                    "elements": [],
                                    "isInner": false,
                                    "widgetType": "spacer",
                                    "elType": "widget"
                                },
                                {
                                    "id": "488f9da1",
                                    "settings": {
                                        "posttype": "archivepage",
                                        "titleprefix": "blog",
                                        "titleTag": "h1",
                                        "as_bs_lists": [],
                                        "as_bs_lists_h": [],
                                        "as_ts_lists": [],
                                        "as_ts_lists_h": [],
                                        "as_ds_lists": [],
                                        "as_ds_lists_h": [],
                                        "boxBg_image": {
                                            "url": "",
                                            "id": "",
                                            "size": ""
                                        },
                                        "boxBg_video_fallback": {
                                            "url": "",
                                            "id": "",
                                            "size": ""
                                        },
                                        "boxBg_slideshow_gallery": [],
                                        "boxBgHover_image": {
                                            "url": "",
                                            "id": "",
                                            "size": ""
                                        },
                                        "boxBgHover_video_fallback": {
                                            "url": "",
                                            "id": "",
                                            "size": ""
                                        },
                                        "boxBgHover_slideshow_gallery": [],
                                        "prepostboxBg_image": {
                                            "url": "",
                                            "id": "",
                                            "size": ""
                                        },
                                        "prepostboxBg_video_fallback": {
                                            "url": "",
                                            "id": "",
                                            "size": ""
                                        },
                                        "prepostboxBg_slideshow_gallery": [],
                                        "_background_image": {
                                            "url": "",
                                            "id": "",
                                            "size": ""
                                        },
                                        "_background_video_fallback": {
                                            "url": "",
                                            "id": "",
                                            "size": ""
                                        },
                                        "_background_slideshow_gallery": [],
                                        "_background_hover_image": {
                                            "url": "",
                                            "id": "",
                                            "size": ""
                                        },
                                        "_background_hover_video_fallback": {
                                            "url": "",
                                            "id": "",
                                            "size": ""
                                        },
                                        "_background_hover_slideshow_gallery": [],
                                        "_mask_image": {
                                            "url": "",
                                            "id": "",
                                            "size": ""
                                        }
                                    },
                                    "elements": [],
                                    "isInner": false,
                                    "widgetType": "tp-post-title",
                                    "elType": "widget"
                                }
                            ],
                            "isInner": true,
                            "elType": "container"
                        },
                        {
                            "id": "4976efbc",
                            "settings": {
                                "content_width": "full",
                                "width": {
                                    "unit": "%",
                                    "size": 40,
                                    "sizes": []
                                },
                                "width_tablet_extra": {
                                    "unit": "%",
                                    "size": 100,
                                    "sizes": []
                                },
                                "width_tablet": {
                                    "unit": "%",
                                    "size": 100,
                                    "sizes": []
                                },
                                "width_mobile_extra": {
                                    "unit": "%",
                                    "size": "",
                                    "sizes": []
                                },
                                "width_mobile": {
                                    "unit": "%",
                                    "size": "",
                                    "sizes": []
                                },
                                "flex_direction": "row",
                                "flex_justify_content": "space-between",
                                "flex_align_items": "center",
                                "flex_wrap": "nowrap",
                                "as_bs_lists": [],
                                "as_bs_lists_h": [],
                                "as_ts_lists": [],
                                "as_ts_lists_h": [],
                                "as_ds_lists": [],
                                "as_ds_lists_h": [],
                                "background_image": {
                                    "url": "",
                                    "id": "",
                                    "size": ""
                                },
                                "background_video_fallback": {
                                    "url": "",
                                    "id": "",
                                    "size": ""
                                },
                                "background_slideshow_gallery": [],
                                "background_hover_image": {
                                    "url": "",
                                    "id": "",
                                    "size": ""
                                },
                                "background_hover_video_fallback": {
                                    "url": "",
                                    "id": "",
                                    "size": ""
                                },
                                "background_hover_slideshow_gallery": [],
                                "background_overlay_image": {
                                    "url": "",
                                    "id": "",
                                    "size": ""
                                },
                                "background_overlay_video_fallback": {
                                    "url": "",
                                    "id": "",
                                    "size": ""
                                },
                                "background_overlay_slideshow_gallery": [],
                                "background_overlay_hover_image": {
                                    "url": "",
                                    "id": "",
                                    "size": ""
                                },
                                "background_overlay_hover_video_fallback": {
                                    "url": "",
                                    "id": "",
                                    "size": ""
                                },
                                "background_overlay_hover_slideshow_gallery": []
                            },
                            "elements": [
                                {
                                    "id": "6f4832f6",
                                    "settings": {
                                        "editor": "Expert legal guidance for your peace of mind - choose our law firm for reliable solutions.",
                                        "_z_index": 5,
                                        "__globals__": {
                                            "typography_typography": "globals\/typography?id=8e45c84"
                                        },
                                        "_animation": "fadeInUp",
                                        "_animation_delay": 300,
                                        "_element_width_tablet": "inherit",
                                        "_element_custom_width": {
                                            "unit": "px",
                                            "size": "",
                                            "sizes": []
                                        },
                                        "_element_custom_width_tablet": {
                                            "unit": "%",
                                            "size": "",
                                            "sizes": []
                                        },
                                        "_element_custom_width_mobile": {
                                            "unit": "%",
                                            "size": "",
                                            "sizes": []
                                        },
                                        "_element_vertical_align": "center",
                                        "align": "left",
                                        "_element_custom_width_mobile_extra": {
                                            "unit": "%",
                                            "size": "",
                                            "sizes": []
                                        },
                                        "as_bs_lists": [],
                                        "as_bs_lists_h": [],
                                        "as_ts_lists": [],
                                        "as_ts_lists_h": [],
                                        "as_ds_lists": [],
                                        "as_ds_lists_h": [],
                                        "_background_image": {
                                            "url": "",
                                            "id": "",
                                            "size": ""
                                        },
                                        "_background_video_fallback": {
                                            "url": "",
                                            "id": "",
                                            "size": ""
                                        },
                                        "_background_slideshow_gallery": [],
                                        "_background_hover_image": {
                                            "url": "",
                                            "id": "",
                                            "size": ""
                                        },
                                        "_background_hover_video_fallback": {
                                            "url": "",
                                            "id": "",
                                            "size": ""
                                        },
                                        "_background_hover_slideshow_gallery": [],
                                        "_mask_image": {
                                            "url": "",
                                            "id": "",
                                            "size": ""
                                        }
                                    },
                                    "elements": [],
                                    "isInner": false,
                                    "widgetType": "text-editor",
                                    "elType": "widget"
                                }
                            ],
                            "isInner": true,
                            "elType": "container"
                        }
                    ],
                    "isInner": true,
                    "elType": "container"
                }
            ],
            "isInner": false,
            "elType": "container"
        },
        {
            "id": "343836cb",
            "settings": {
                "padding": {
                    "unit": "px",
                    "top": "60",
                    "right": "20",
                    "bottom": "60",
                    "left": "20",
                    "isLinked": false
                },
                "html_tag": "div",
                "flex_direction": "column",
                "flex_align_items": "stretch",
                "flex_gap": {
                    "size": null,
                    "column": "",
                    "row": "",
                    "unit": "px",
                    "isLinked": true
                },
                "flex_justify_content": "flex-start",
                "flex_wrap": "wrap",
                "_title": "Archive Blog",
                "as_bs_lists": [],
                "as_bs_lists_h": [],
                "as_ts_lists": [],
                "as_ts_lists_h": [],
                "as_ds_lists": [],
                "as_ds_lists_h": [],
                "background_image": {
                    "url": "",
                    "id": "",
                    "size": ""
                },
                "background_video_fallback": {
                    "url": "",
                    "id": "",
                    "size": ""
                },
                "background_slideshow_gallery": [],
                "background_hover_image": {
                    "url": "",
                    "id": "",
                    "size": ""
                },
                "background_hover_video_fallback": {
                    "url": "",
                    "id": "",
                    "size": ""
                },
                "background_hover_slideshow_gallery": [],
                "background_overlay_image": {
                    "url": "",
                    "id": "",
                    "size": ""
                },
                "background_overlay_video_fallback": {
                    "url": "",
                    "id": "",
                    "size": ""
                },
                "background_overlay_slideshow_gallery": [],
                "background_overlay_hover_image": {
                    "url": "",
                    "id": "",
                    "size": ""
                },
                "background_overlay_hover_video_fallback": {
                    "url": "",
                    "id": "",
                    "size": ""
                },
                "background_overlay_hover_slideshow_gallery": []
            },
            "elements": [
                {
                    "id": "477cfa31",
                    "settings": {
                        "_column_size": 100,
                        "width": {
                            "size": null,
                            "unit": "%"
                        },
                        "content_width": "full",
                        "as_bs_lists": [],
                        "as_bs_lists_h": [],
                        "as_ts_lists": [],
                        "as_ts_lists_h": [],
                        "as_ds_lists": [],
                        "as_ds_lists_h": [],
                        "background_image": {
                            "url": "",
                            "id": "",
                            "size": ""
                        },
                        "background_video_fallback": {
                            "url": "",
                            "id": "",
                            "size": ""
                        },
                        "background_slideshow_gallery": [],
                        "background_hover_image": {
                            "url": "",
                            "id": "",
                            "size": ""
                        },
                        "background_hover_video_fallback": {
                            "url": "",
                            "id": "",
                            "size": ""
                        },
                        "background_hover_slideshow_gallery": [],
                        "background_overlay_image": {
                            "url": "",
                            "id": "",
                            "size": ""
                        },
                        "background_overlay_video_fallback": {
                            "url": "",
                            "id": "",
                            "size": ""
                        },
                        "background_overlay_slideshow_gallery": [],
                        "background_overlay_hover_image": {
                            "url": "",
                            "id": "",
                            "size": ""
                        },
                        "background_overlay_hover_video_fallback": {
                            "url": "",
                            "id": "",
                            "size": ""
                        },
                        "background_overlay_hover_slideshow_gallery": []
                    },
                    "elements": [
                        {
                            "id": "97b7c9f",
                            "settings": {
                                "_skin": "archive_cards",
                                "archive_classic_meta_separator": "\/\/\/",
                                "archive_classic_read_more_text": "Read More \u00bb",
                                "archive_cards_thumbnail_size_size": "large",
                                "archive_cards_meta_separator": "\u2022",
                                "archive_cards_read_more_text": "Read more \u00bb",
                                "archive_cards_show_avatar": "",
                                "archive_full_content_meta_separator": "\/\/\/",
                                "archive_cards_card_border_width": {
                                    "unit": "px",
                                    "size": 1,
                                    "sizes": []
                                },
                                "archive_cards_card_border_radius": {
                                    "unit": "px",
                                    "size": 20,
                                    "sizes": []
                                },
                                "archive_cards_box_shadow_box_shadow_type": "",
                                "archive_cards_badge_position": "left",
                                "archive_cards_badge_radius": {
                                    "unit": "px",
                                    "size": 5,
                                    "sizes": []
                                },
                                "archive_cards_badge_size": {
                                    "unit": "px",
                                    "size": 12,
                                    "sizes": []
                                },
                                "pagination_page_limit": "5",
                                "pagination_prev_label": "&laquo; Previous",
                                "pagination_next_label": "Next &raquo;",
                                "text": "Load More",
                                "load_more_no_posts_custom_message": "No more posts to show",
                                "nothing_found_message": "It seems we can&#039;t find what you&#039;re looking for.",
                                "__globals__": {
                                    "archive_cards_title_typography_typography": "globals\/typography?id=af5f0ec",
                                    "archive_cards_excerpt_typography_typography": "globals\/typography?id=text",
                                    "archive_cards_read_more_typography_typography": "globals\/typography?id=accent",
                                    "archive_cards_meta_typography_typography": "globals\/typography?id=secondary",
                                    "archive_cards_excerpt_color": "globals\/colors?id=text",
                                    "archive_cards_title_color": "",
                                    "archive_cards_meta_separator_color": "globals\/colors?id=primary",
                                    "archive_cards_meta_color": "globals\/colors?id=primary",
                                    "archive_cards_meta_border_color": "globals\/colors?id=d50d898",
                                    "archive_cards_card_bg_color": "globals\/colors?id=a46e72b",
                                    "archive_cards_card_border_color": "globals\/colors?id=d50d898",
                                    "archive_cards_badge_bg_color": "globals\/colors?id=primary",
                                    "archive_cards_badge_color": "globals\/colors?id=accent",
                                    "archive_cards_badge_typography_typography": "globals\/typography?id=secondary"
                                },
                                "archive_cards_title_tag": "h2",
                                "archive_cards_excerpt_length": 25,
                                "archive_cards_apply_to_custom_excerpt": "yes",
                                "archive_cards_column_gap": {
                                    "unit": "px",
                                    "size": 40,
                                    "sizes": []
                                },
                                "archive_cards_row_gap": {
                                    "unit": "px",
                                    "size": 40,
                                    "sizes": []
                                },
                                "archive_cards_card_bg_color": "#FFFFFF",
                                "archive_cards_card_border_color": "#F0F2E7",
                                "archive_cards_meta_border_color": "#F0F2E7",
                                "archive_cards_badge_bg_color": "#FF8C00",
                                "archive_cards_badge_color": "#FFFFFF",
                                "archive_cards_badge_typography_typography": "custom",
                                "archive_cards_badge_typography_font_family": "Alegreya",
                                "archive_cards_badge_typography_font_weight": "400",
                                "archive_cards_badge_typography_text_transform": "none",
                                "archive_cards_badge_typography_font_style": "normal",
                                "archive_cards_badge_typography_text_decoration": "none",
                                "archive_cards_title_typography_typography": "custom",
                                "archive_cards_title_typography_font_family": "Cormorant Unicase",
                                "archive_cards_title_typography_font_size": {
                                    "unit": "px",
                                    "size": 26.66,
                                    "sizes": []
                                },
                                "archive_cards_title_typography_font_size_tablet": {
                                    "unit": "px",
                                    "size": 21.33,
                                    "sizes": []
                                },
                                "archive_cards_title_typography_font_size_mobile": {
                                    "unit": "px",
                                    "size": 24,
                                    "sizes": []
                                },
                                "archive_cards_title_typography_font_weight": "300",
                                "archive_cards_title_typography_text_transform": "lowercase",
                                "archive_cards_title_typography_font_style": "normal",
                                "archive_cards_title_typography_text_decoration": "none",
                                "archive_cards_title_typography_line_height": {
                                    "unit": "em",
                                    "size": 0.8,
                                    "sizes": []
                                },
                                "archive_cards_title_typography_letter_spacing": {
                                    "unit": "px",
                                    "size": -1.5,
                                    "sizes": []
                                },
                                "archive_cards_meta_color": "#FF8C00",
                                "archive_cards_meta_separator_color": "#FF8C00",
                                "archive_cards_meta_typography_typography": "custom",
                                "archive_cards_meta_typography_font_family": "Alegreya",
                                "archive_cards_meta_typography_font_weight": "400",
                                "archive_cards_meta_typography_text_transform": "none",
                                "archive_cards_meta_typography_font_style": "normal",
                                "archive_cards_meta_typography_text_decoration": "none",
                                "archive_cards_excerpt_color": "#595959",
                                "archive_cards_excerpt_typography_typography": "custom",
                                "archive_cards_excerpt_typography_font_family": "Alegreya",
                                "archive_cards_excerpt_typography_font_size": {
                                    "unit": "px",
                                    "size": 20,
                                    "sizes": []
                                },
                                "archive_cards_excerpt_typography_font_weight": "400",
                                "archive_cards_excerpt_typography_text_transform": "none",
                                "archive_cards_excerpt_typography_font_style": "normal",
                                "archive_cards_excerpt_typography_text_decoration": "none",
                                "archive_cards_excerpt_typography_line_height": {
                                    "unit": "em",
                                    "size": 1.8,
                                    "sizes": []
                                },
                                "archive_cards_read_more_typography_typography": "custom",
                                "archive_cards_read_more_typography_font_family": "Alegreya",
                                "archive_cards_read_more_typography_font_size": {
                                    "unit": "px",
                                    "size": 19,
                                    "sizes": []
                                },
                                "archive_cards_read_more_typography_font_weight": "500",
                                "archive_cards_read_more_typography_text_transform": "capitalize",
                                "archive_cards_read_more_typography_font_style": "normal",
                                "archive_cards_read_more_typography_text_decoration": "none",
                                "archive_cards_read_more_typography_line_height": {
                                    "unit": "em",
                                    "size": 1.8,
                                    "sizes": []
                                },
                                "archive_cards_columns_tablet_extra": "2",
                                "archive_cards_columns_mobile_extra": "1",
                                "as_bs_lists": [],
                                "as_bs_lists_h": [],
                                "as_ts_lists": [],
                                "as_ts_lists_h": [],
                                "as_ds_lists": [],
                                "as_ds_lists_h": [],
                                "background_video_fallback": {
                                    "url": "",
                                    "id": "",
                                    "size": ""
                                },
                                "background_slideshow_gallery": [],
                                "button_background_hover_video_fallback": {
                                    "url": "",
                                    "id": "",
                                    "size": ""
                                },
                                "button_background_hover_slideshow_gallery": [],
                                "_background_image": {
                                    "url": "",
                                    "id": "",
                                    "size": ""
                                },
                                "_background_video_fallback": {
                                    "url": "",
                                    "id": "",
                                    "size": ""
                                },
                                "_background_slideshow_gallery": [],
                                "_background_hover_image": {
                                    "url": "",
                                    "id": "",
                                    "size": ""
                                },
                                "_background_hover_video_fallback": {
                                    "url": "",
                                    "id": "",
                                    "size": ""
                                },
                                "_background_hover_slideshow_gallery": [],
                                "_mask_image": {
                                    "url": "",
                                    "id": "",
                                    "size": ""
                                }
                            },
                            "elements": [],
                            "isInner": false,
                            "widgetType": "archive-posts",
                            "elType": "widget"
                        }
                    ],
                    "isInner": true,
                    "elType": "container"
                }
            ],
            "isInner": false,
            "elType": "container"
        }
    ]
}