{
    "version": "0.4",
    "title": "Footer",
    "type": "footer",
    "metadata": {
        "template_type": "section-footer",
        "include_in_zip": "1",
        "elementor_pro_required": "1",
        "elementor_library_type": "footer",
        "elementor_pro_conditions": [
            "include\/general"
        ],
        "additional_template_information": [
            "This is a \"Footer\" template for Elementor Pro.",
            "This template will display on: Entire site."
        ],
        "wp_page_template": "default"
    },
    "content": [
        {
            "id": "22da6b6",
            "settings": {
                "flex_direction": "column",
                "padding": {
                    "unit": "px",
                    "top": "60",
                    "right": "20",
                    "bottom": "30",
                    "left": "20",
                    "isLinked": false
                },
                "background_background": "classic",
                "__globals__": {
                    "background_color": "globals\/colors?id=d50d898"
                },
                "background_image": {
                    "url": "",
                    "id": "",
                    "size": ""
                },
                "background_video_fallback": {
                    "url": "",
                    "id": "",
                    "size": ""
                },
                "background_slideshow_gallery": [],
                "background_hover_image": {
                    "url": "",
                    "id": "",
                    "size": ""
                },
                "background_hover_video_fallback": {
                    "url": "",
                    "id": "",
                    "size": ""
                },
                "background_hover_slideshow_gallery": [],
                "background_overlay_image": {
                    "url": "",
                    "id": "",
                    "size": ""
                },
                "background_overlay_video_fallback": {
                    "url": "",
                    "id": "",
                    "size": ""
                },
                "background_overlay_slideshow_gallery": [],
                "background_overlay_hover_image": {
                    "url": "",
                    "id": "",
                    "size": ""
                },
                "background_overlay_hover_video_fallback": {
                    "url": "",
                    "id": "",
                    "size": ""
                },
                "background_overlay_hover_slideshow_gallery": []
            },
            "elements": [
                {
                    "id": "79ff84a8",
                    "settings": {
                        "flex_direction": "row",
                        "flex_justify_content": "space-between",
                        "flex_align_items": "flex-start",
                        "flex_wrap": "nowrap",
                        "padding": {
                            "unit": "px",
                            "top": "0",
                            "right": "0",
                            "bottom": "0",
                            "left": "0",
                            "isLinked": true
                        },
                        "flex_gap_tablet": {
                            "column": "",
                            "row": "",
                            "isLinked": true,
                            "unit": "px",
                            "size": null
                        },
                        "flex_wrap_tablet_extra": "wrap",
                        "background_image": {
                            "url": "",
                            "id": "",
                            "size": ""
                        },
                        "background_video_fallback": {
                            "url": "",
                            "id": "",
                            "size": ""
                        },
                        "background_slideshow_gallery": [],
                        "background_hover_image": {
                            "url": "",
                            "id": "",
                            "size": ""
                        },
                        "background_hover_video_fallback": {
                            "url": "",
                            "id": "",
                            "size": ""
                        },
                        "background_hover_slideshow_gallery": [],
                        "background_overlay_image": {
                            "url": "",
                            "id": "",
                            "size": ""
                        },
                        "background_overlay_video_fallback": {
                            "url": "",
                            "id": "",
                            "size": ""
                        },
                        "background_overlay_slideshow_gallery": [],
                        "background_overlay_hover_image": {
                            "url": "",
                            "id": "",
                            "size": ""
                        },
                        "background_overlay_hover_video_fallback": {
                            "url": "",
                            "id": "",
                            "size": ""
                        },
                        "background_overlay_hover_slideshow_gallery": []
                    },
                    "elements": [
                        {
                            "id": "7fa522f7",
                            "settings": {
                                "_column_size": 25,
                                "width": {
                                    "size": 40,
                                    "unit": "%"
                                },
                                "flex_justify_content": "flex-start",
                                "width_tablet": {
                                    "size": "",
                                    "unit": "%"
                                },
                                "align_tablet": "center",
                                "content_width": "full",
                                "flex_direction": "row",
                                "flex_align_items": "flex-start",
                                "flex_gap": {
                                    "column": "0",
                                    "row": "0",
                                    "isLinked": true,
                                    "unit": "px",
                                    "size": 0
                                },
                                "flex_wrap": "wrap",
                                "width_tablet_extra": {
                                    "unit": "%",
                                    "size": 100,
                                    "sizes": []
                                },
                                "width_mobile_extra": {
                                    "unit": "%",
                                    "size": "",
                                    "sizes": []
                                },
                                "width_mobile": {
                                    "unit": "%",
                                    "size": "",
                                    "sizes": []
                                },
                                "flex_direction_tablet_extra": "row",
                                "background_image": {
                                    "url": "",
                                    "id": "",
                                    "size": ""
                                },
                                "background_video_fallback": {
                                    "url": "",
                                    "id": "",
                                    "size": ""
                                },
                                "background_slideshow_gallery": [],
                                "background_hover_image": {
                                    "url": "",
                                    "id": "",
                                    "size": ""
                                },
                                "background_hover_video_fallback": {
                                    "url": "",
                                    "id": "",
                                    "size": ""
                                },
                                "background_hover_slideshow_gallery": [],
                                "background_overlay_image": {
                                    "url": "",
                                    "id": "",
                                    "size": ""
                                },
                                "background_overlay_video_fallback": {
                                    "url": "",
                                    "id": "",
                                    "size": ""
                                },
                                "background_overlay_slideshow_gallery": [],
                                "background_overlay_hover_image": {
                                    "url": "",
                                    "id": "",
                                    "size": ""
                                },
                                "background_overlay_hover_video_fallback": {
                                    "url": "",
                                    "id": "",
                                    "size": ""
                                },
                                "background_overlay_hover_slideshow_gallery": []
                            },
                            "elements": [
                                {
                                    "id": "723511d6",
                                    "settings": {
                                        "_element_width": "initial",
                                        "_element_custom_width": {
                                            "unit": "px",
                                            "size": 50,
                                            "sizes": []
                                        },
                                        "_background_background": "classic",
                                        "_mask_shape": "",
                                        "_mask_image": {
                                            "url": "",
                                            "id": "",
                                            "size": ""
                                        },
                                        "__globals__": {
                                            "_background_color": ""
                                        },
                                        "_background_image": {
                                            "url": "https:\/\/templateup.site\/law-order\/wp-content\/uploads\/sites\/34\/2024\/09\/logo-tt-.png",
                                            "id": 232,
                                            "size": "",
                                            "alt": "",
                                            "source": "library"
                                        },
                                        "_background_position": "center center",
                                        "_background_repeat": "no-repeat",
                                        "_background_size": "contain",
                                        "_background_video_fallback": {
                                            "url": "",
                                            "id": "",
                                            "size": ""
                                        },
                                        "_background_slideshow_gallery": [],
                                        "_background_hover_image": {
                                            "url": "",
                                            "id": "",
                                            "size": ""
                                        },
                                        "_background_hover_video_fallback": {
                                            "url": "",
                                            "id": "",
                                            "size": ""
                                        },
                                        "_background_hover_slideshow_gallery": []
                                    },
                                    "elements": [],
                                    "isInner": false,
                                    "widgetType": "spacer",
                                    "elType": "widget"
                                },
                                {
                                    "id": "f80aacd",
                                    "settings": {
                                        "title": "Law&Order",
                                        "header_size": "div",
                                        "_margin": {
                                            "unit": "px",
                                            "top": "0",
                                            "right": "0",
                                            "bottom": "0",
                                            "left": "10",
                                            "isLinked": false
                                        },
                                        "_element_width": "auto",
                                        "_element_vertical_align": "center",
                                        "__globals__": {
                                            "typography_typography": "globals\/typography?id=af5f0ec",
                                            "title_color": "globals\/colors?id=fb4298e"
                                        },
                                        "align": "left",
                                        "__dynamic__": {
                                            "link": "[elementor-tag id=\"2047963\" name=\"site-url\" settings=\"%7B%7D\"]"
                                        },
                                        "_background_image": {
                                            "url": "",
                                            "id": "",
                                            "size": ""
                                        },
                                        "_background_video_fallback": {
                                            "url": "",
                                            "id": "",
                                            "size": ""
                                        },
                                        "_background_slideshow_gallery": [],
                                        "_background_hover_image": {
                                            "url": "",
                                            "id": "",
                                            "size": ""
                                        },
                                        "_background_hover_video_fallback": {
                                            "url": "",
                                            "id": "",
                                            "size": ""
                                        },
                                        "_background_hover_slideshow_gallery": [],
                                        "_mask_image": {
                                            "url": "",
                                            "id": "",
                                            "size": ""
                                        }
                                    },
                                    "elements": [],
                                    "isInner": false,
                                    "widgetType": "heading",
                                    "elType": "widget"
                                },
                                {
                                    "id": "46d0da1",
                                    "settings": {
                                        "editor": "<p>Defend your rights with confidence and peace of mind. Rely on our team of legal experts.<\/p>",
                                        "__globals__": {
                                            "text_color": "globals\/colors?id=fb4298e",
                                            "typography_typography": "globals\/typography?id=8e45c84"
                                        },
                                        "_margin": {
                                            "unit": "px",
                                            "top": "20",
                                            "right": "0",
                                            "bottom": "20",
                                            "left": "0",
                                            "isLinked": false
                                        },
                                        "align": "left",
                                        "_element_width": "inherit",
                                        "_background_image": {
                                            "url": "",
                                            "id": "",
                                            "size": ""
                                        },
                                        "_background_video_fallback": {
                                            "url": "",
                                            "id": "",
                                            "size": ""
                                        },
                                        "_background_slideshow_gallery": [],
                                        "_background_hover_image": {
                                            "url": "",
                                            "id": "",
                                            "size": ""
                                        },
                                        "_background_hover_video_fallback": {
                                            "url": "",
                                            "id": "",
                                            "size": ""
                                        },
                                        "_background_hover_slideshow_gallery": [],
                                        "_mask_image": {
                                            "url": "",
                                            "id": "",
                                            "size": ""
                                        }
                                    },
                                    "elements": [],
                                    "isInner": false,
                                    "widgetType": "text-editor",
                                    "elType": "widget"
                                },
                                {
                                    "id": "1ed73644",
                                    "settings": {
                                        "social_icon_list": [
                                            {
                                                "social_icon": {
                                                    "value": "fab fa-facebook",
                                                    "library": "fa-brands"
                                                },
                                                "_id": "ce21007",
                                                "link": {
                                                    "url": "#",
                                                    "is_external": "true",
                                                    "nofollow": "",
                                                    "custom_attributes": ""
                                                }
                                            },
                                            {
                                                "social_icon": {
                                                    "value": "fab fa-twitter",
                                                    "library": "fa-brands"
                                                },
                                                "_id": "c5615a9",
                                                "link": {
                                                    "url": "#",
                                                    "is_external": "true",
                                                    "nofollow": "",
                                                    "custom_attributes": ""
                                                }
                                            },
                                            {
                                                "social_icon": {
                                                    "value": "fab fa-youtube",
                                                    "library": "fa-brands"
                                                },
                                                "_id": "927a3d3",
                                                "link": {
                                                    "url": "#",
                                                    "is_external": "true",
                                                    "nofollow": "",
                                                    "custom_attributes": ""
                                                }
                                            },
                                            {
                                                "_id": "b22b357",
                                                "social_icon": {
                                                    "value": "fab fa-instagram",
                                                    "library": "fa-brands"
                                                },
                                                "link": {
                                                    "url": "#",
                                                    "is_external": "true",
                                                    "nofollow": "",
                                                    "custom_attributes": ""
                                                }
                                            },
                                            {
                                                "social_icon": {
                                                    "value": "fab fa-whatsapp",
                                                    "library": "fa-brands"
                                                },
                                                "_id": "571cdaf",
                                                "link": {
                                                    "url": "#",
                                                    "is_external": "true",
                                                    "nofollow": "",
                                                    "custom_attributes": ""
                                                }
                                            }
                                        ],
                                        "shape": "circle",
                                        "align": "left",
                                        "icon_color": "custom",
                                        "icon_size": {
                                            "unit": "px",
                                            "size": 16,
                                            "sizes": []
                                        },
                                        "__globals__": {
                                            "icon_primary_color": "globals\/colors?id=accent",
                                            "icon_secondary_color": "globals\/colors?id=primary",
                                            "hover_primary_color": "globals\/colors?id=secondary",
                                            "hover_secondary_color": "globals\/colors?id=accent"
                                        },
                                        "align_tablet": "center",
                                        "_background_image": {
                                            "url": "",
                                            "id": "",
                                            "size": ""
                                        },
                                        "_background_video_fallback": {
                                            "url": "",
                                            "id": "",
                                            "size": ""
                                        },
                                        "_background_slideshow_gallery": [],
                                        "_background_hover_image": {
                                            "url": "",
                                            "id": "",
                                            "size": ""
                                        },
                                        "_background_hover_video_fallback": {
                                            "url": "",
                                            "id": "",
                                            "size": ""
                                        },
                                        "_background_hover_slideshow_gallery": [],
                                        "_mask_image": {
                                            "url": "",
                                            "id": "",
                                            "size": ""
                                        }
                                    },
                                    "elements": [],
                                    "isInner": false,
                                    "widgetType": "social-icons",
                                    "elType": "widget"
                                }
                            ],
                            "isInner": true,
                            "elType": "container"
                        },
                        {
                            "id": "35c257a4",
                            "settings": {
                                "_column_size": 25,
                                "width": {
                                    "size": 20,
                                    "unit": "%"
                                },
                                "width_tablet": {
                                    "size": "",
                                    "unit": "%"
                                },
                                "flex_justify_content": "flex-start",
                                "content_width": "full",
                                "flex_direction": "column",
                                "flex_align_items": "flex-start",
                                "flex_wrap": "wrap",
                                "width_tablet_extra": {
                                    "unit": "%",
                                    "size": 31,
                                    "sizes": []
                                },
                                "width_mobile_extra": {
                                    "unit": "%",
                                    "size": "",
                                    "sizes": []
                                },
                                "width_mobile": {
                                    "unit": "%",
                                    "size": "",
                                    "sizes": []
                                },
                                "background_image": {
                                    "url": "",
                                    "id": "",
                                    "size": ""
                                },
                                "background_video_fallback": {
                                    "url": "",
                                    "id": "",
                                    "size": ""
                                },
                                "background_slideshow_gallery": [],
                                "background_hover_image": {
                                    "url": "",
                                    "id": "",
                                    "size": ""
                                },
                                "background_hover_video_fallback": {
                                    "url": "",
                                    "id": "",
                                    "size": ""
                                },
                                "background_hover_slideshow_gallery": [],
                                "background_overlay_image": {
                                    "url": "",
                                    "id": "",
                                    "size": ""
                                },
                                "background_overlay_video_fallback": {
                                    "url": "",
                                    "id": "",
                                    "size": ""
                                },
                                "background_overlay_slideshow_gallery": [],
                                "background_overlay_hover_image": {
                                    "url": "",
                                    "id": "",
                                    "size": ""
                                },
                                "background_overlay_hover_video_fallback": {
                                    "url": "",
                                    "id": "",
                                    "size": ""
                                },
                                "background_overlay_hover_slideshow_gallery": []
                            },
                            "elements": [
                                {
                                    "id": "7a9add30",
                                    "settings": {
                                        "title": "Menu",
                                        "header_size": "div",
                                        "align_tablet": "center",
                                        "__globals__": {
                                            "title_color": "globals\/colors?id=secondary",
                                            "typography_typography": "globals\/typography?id=2883fad"
                                        },
                                        "align": "left",
                                        "_background_image": {
                                            "url": "",
                                            "id": "",
                                            "size": ""
                                        },
                                        "_background_video_fallback": {
                                            "url": "",
                                            "id": "",
                                            "size": ""
                                        },
                                        "_background_slideshow_gallery": [],
                                        "_background_hover_image": {
                                            "url": "",
                                            "id": "",
                                            "size": ""
                                        },
                                        "_background_hover_video_fallback": {
                                            "url": "",
                                            "id": "",
                                            "size": ""
                                        },
                                        "_background_hover_slideshow_gallery": [],
                                        "_mask_image": {
                                            "url": "",
                                            "id": "",
                                            "size": ""
                                        }
                                    },
                                    "elements": [],
                                    "isInner": false,
                                    "widgetType": "heading",
                                    "elType": "widget"
                                },
                                {
                                    "id": "4cb7a5d2",
                                    "settings": {
                                        "icon_list": [
                                            {
                                                "text": "Home",
                                                "selected_icon": {
                                                    "value": "",
                                                    "library": ""
                                                },
                                                "_id": "a3bbeed",
                                                "link": {
                                                    "url": "#",
                                                    "is_external": "",
                                                    "nofollow": "",
                                                    "custom_attributes": ""
                                                }
                                            },
                                            {
                                                "text": "About the firm",
                                                "selected_icon": {
                                                    "value": "",
                                                    "library": ""
                                                },
                                                "link": {
                                                    "url": "#",
                                                    "is_external": "",
                                                    "nofollow": "",
                                                    "custom_attributes": ""
                                                },
                                                "_id": "76ef7ef"
                                            },
                                            {
                                                "text": "Testimonials",
                                                "selected_icon": {
                                                    "value": "",
                                                    "library": ""
                                                },
                                                "link": {
                                                    "url": "#",
                                                    "is_external": "",
                                                    "nofollow": "",
                                                    "custom_attributes": ""
                                                },
                                                "_id": "6a9d549"
                                            },
                                            {
                                                "text": "Contact us",
                                                "selected_icon": {
                                                    "value": "",
                                                    "library": ""
                                                },
                                                "link": {
                                                    "url": "#",
                                                    "is_external": "",
                                                    "nofollow": "",
                                                    "custom_attributes": ""
                                                },
                                                "_id": "51cb47f"
                                            }
                                        ],
                                        "space_between": {
                                            "unit": "px",
                                            "size": 10,
                                            "sizes": []
                                        },
                                        "__globals__": {
                                            "text_color": "globals\/colors?id=fb4298e",
                                            "text_color_hover": "globals\/colors?id=secondary",
                                            "icon_color": "globals\/colors?id=fb4298e",
                                            "icon_color_hover": "globals\/colors?id=primary",
                                            "icon_typography_typography": "globals\/typography?id=accent"
                                        },
                                        "link_click": "inline",
                                        "icon_align": "left",
                                        "_background_image": {
                                            "url": "",
                                            "id": "",
                                            "size": ""
                                        },
                                        "_background_video_fallback": {
                                            "url": "",
                                            "id": "",
                                            "size": ""
                                        },
                                        "_background_slideshow_gallery": [],
                                        "_background_hover_image": {
                                            "url": "",
                                            "id": "",
                                            "size": ""
                                        },
                                        "_background_hover_video_fallback": {
                                            "url": "",
                                            "id": "",
                                            "size": ""
                                        },
                                        "_background_hover_slideshow_gallery": [],
                                        "_mask_image": {
                                            "url": "",
                                            "id": "",
                                            "size": ""
                                        }
                                    },
                                    "elements": [],
                                    "isInner": false,
                                    "widgetType": "icon-list",
                                    "elType": "widget"
                                }
                            ],
                            "isInner": true,
                            "elType": "container"
                        },
                        {
                            "id": "133dea31",
                            "settings": {
                                "_column_size": 25,
                                "width": {
                                    "size": 20,
                                    "unit": "%"
                                },
                                "width_tablet": {
                                    "size": "",
                                    "unit": "%"
                                },
                                "flex_justify_content": "flex-start",
                                "content_width": "full",
                                "flex_direction": "column",
                                "flex_align_items": "flex-start",
                                "flex_wrap": "wrap",
                                "width_tablet_extra": {
                                    "unit": "%",
                                    "size": 31,
                                    "sizes": []
                                },
                                "width_mobile_extra": {
                                    "unit": "%",
                                    "size": "",
                                    "sizes": []
                                },
                                "width_mobile": {
                                    "unit": "%",
                                    "size": "",
                                    "sizes": []
                                },
                                "background_image": {
                                    "url": "",
                                    "id": "",
                                    "size": ""
                                },
                                "background_video_fallback": {
                                    "url": "",
                                    "id": "",
                                    "size": ""
                                },
                                "background_slideshow_gallery": [],
                                "background_hover_image": {
                                    "url": "",
                                    "id": "",
                                    "size": ""
                                },
                                "background_hover_video_fallback": {
                                    "url": "",
                                    "id": "",
                                    "size": ""
                                },
                                "background_hover_slideshow_gallery": [],
                                "background_overlay_image": {
                                    "url": "",
                                    "id": "",
                                    "size": ""
                                },
                                "background_overlay_video_fallback": {
                                    "url": "",
                                    "id": "",
                                    "size": ""
                                },
                                "background_overlay_slideshow_gallery": [],
                                "background_overlay_hover_image": {
                                    "url": "",
                                    "id": "",
                                    "size": ""
                                },
                                "background_overlay_hover_video_fallback": {
                                    "url": "",
                                    "id": "",
                                    "size": ""
                                },
                                "background_overlay_hover_slideshow_gallery": []
                            },
                            "elements": [
                                {
                                    "id": "418af68c",
                                    "settings": {
                                        "title": "Services",
                                        "header_size": "div",
                                        "align_tablet": "center",
                                        "__globals__": {
                                            "title_color": "globals\/colors?id=secondary",
                                            "typography_typography": "globals\/typography?id=2883fad"
                                        },
                                        "align": "left",
                                        "_background_image": {
                                            "url": "",
                                            "id": "",
                                            "size": ""
                                        },
                                        "_background_video_fallback": {
                                            "url": "",
                                            "id": "",
                                            "size": ""
                                        },
                                        "_background_slideshow_gallery": [],
                                        "_background_hover_image": {
                                            "url": "",
                                            "id": "",
                                            "size": ""
                                        },
                                        "_background_hover_video_fallback": {
                                            "url": "",
                                            "id": "",
                                            "size": ""
                                        },
                                        "_background_hover_slideshow_gallery": [],
                                        "_mask_image": {
                                            "url": "",
                                            "id": "",
                                            "size": ""
                                        }
                                    },
                                    "elements": [],
                                    "isInner": false,
                                    "widgetType": "heading",
                                    "elType": "widget"
                                },
                                {
                                    "id": "41cc2346",
                                    "settings": {
                                        "icon_list": [
                                            {
                                                "text": "Corporate lawyer",
                                                "selected_icon": {
                                                    "value": "",
                                                    "library": ""
                                                },
                                                "_id": "a3bbeed",
                                                "link": {
                                                    "url": "#",
                                                    "is_external": "",
                                                    "nofollow": "",
                                                    "custom_attributes": ""
                                                }
                                            },
                                            {
                                                "text": "Criminal lawyer",
                                                "selected_icon": {
                                                    "value": "",
                                                    "library": ""
                                                },
                                                "link": {
                                                    "url": "#",
                                                    "is_external": "",
                                                    "nofollow": "",
                                                    "custom_attributes": ""
                                                },
                                                "_id": "76ef7ef"
                                            },
                                            {
                                                "text": "Family lawyer",
                                                "selected_icon": {
                                                    "value": "",
                                                    "library": ""
                                                },
                                                "link": {
                                                    "url": "#",
                                                    "is_external": "",
                                                    "nofollow": "",
                                                    "custom_attributes": ""
                                                },
                                                "_id": "5a5ae3a"
                                            },
                                            {
                                                "_id": "cff7954",
                                                "text": "Immigration lawyer",
                                                "selected_icon": {
                                                    "value": "",
                                                    "library": ""
                                                },
                                                "link": {
                                                    "url": "#",
                                                    "is_external": "",
                                                    "nofollow": "",
                                                    "custom_attributes": ""
                                                }
                                            }
                                        ],
                                        "space_between": {
                                            "unit": "px",
                                            "size": 10,
                                            "sizes": []
                                        },
                                        "__globals__": {
                                            "text_color": "globals\/colors?id=fb4298e",
                                            "text_color_hover": "globals\/colors?id=secondary",
                                            "icon_color": "globals\/colors?id=fb4298e",
                                            "icon_color_hover": "globals\/colors?id=primary",
                                            "icon_typography_typography": "globals\/typography?id=accent"
                                        },
                                        "link_click": "inline",
                                        "icon_align": "left",
                                        "_background_image": {
                                            "url": "",
                                            "id": "",
                                            "size": ""
                                        },
                                        "_background_video_fallback": {
                                            "url": "",
                                            "id": "",
                                            "size": ""
                                        },
                                        "_background_slideshow_gallery": [],
                                        "_background_hover_image": {
                                            "url": "",
                                            "id": "",
                                            "size": ""
                                        },
                                        "_background_hover_video_fallback": {
                                            "url": "",
                                            "id": "",
                                            "size": ""
                                        },
                                        "_background_hover_slideshow_gallery": [],
                                        "_mask_image": {
                                            "url": "",
                                            "id": "",
                                            "size": ""
                                        }
                                    },
                                    "elements": [],
                                    "isInner": false,
                                    "widgetType": "icon-list",
                                    "elType": "widget"
                                }
                            ],
                            "isInner": true,
                            "elType": "container"
                        },
                        {
                            "id": "e4b9821",
                            "settings": {
                                "_column_size": 25,
                                "width": {
                                    "size": 17.728,
                                    "unit": "%"
                                },
                                "width_tablet": {
                                    "size": "",
                                    "unit": "%"
                                },
                                "flex_justify_content": "flex-start",
                                "content_width": "full",
                                "flex_direction": "column",
                                "flex_align_items": "flex-start",
                                "flex_wrap": "wrap",
                                "width_tablet_extra": {
                                    "unit": "%",
                                    "size": 31,
                                    "sizes": []
                                },
                                "width_mobile_extra": {
                                    "unit": "%",
                                    "size": "",
                                    "sizes": []
                                },
                                "width_mobile": {
                                    "unit": "%",
                                    "size": "",
                                    "sizes": []
                                },
                                "background_image": {
                                    "url": "",
                                    "id": "",
                                    "size": ""
                                },
                                "background_video_fallback": {
                                    "url": "",
                                    "id": "",
                                    "size": ""
                                },
                                "background_slideshow_gallery": [],
                                "background_hover_image": {
                                    "url": "",
                                    "id": "",
                                    "size": ""
                                },
                                "background_hover_video_fallback": {
                                    "url": "",
                                    "id": "",
                                    "size": ""
                                },
                                "background_hover_slideshow_gallery": [],
                                "background_overlay_image": {
                                    "url": "",
                                    "id": "",
                                    "size": ""
                                },
                                "background_overlay_video_fallback": {
                                    "url": "",
                                    "id": "",
                                    "size": ""
                                },
                                "background_overlay_slideshow_gallery": [],
                                "background_overlay_hover_image": {
                                    "url": "",
                                    "id": "",
                                    "size": ""
                                },
                                "background_overlay_hover_video_fallback": {
                                    "url": "",
                                    "id": "",
                                    "size": ""
                                },
                                "background_overlay_hover_slideshow_gallery": []
                            },
                            "elements": [
                                {
                                    "id": "4d16f017",
                                    "settings": {
                                        "title": "Where We Are",
                                        "header_size": "div",
                                        "align_tablet": "center",
                                        "__globals__": {
                                            "title_color": "globals\/colors?id=secondary",
                                            "typography_typography": "globals\/typography?id=2883fad"
                                        },
                                        "align": "left",
                                        "_background_image": {
                                            "url": "",
                                            "id": "",
                                            "size": ""
                                        },
                                        "_background_video_fallback": {
                                            "url": "",
                                            "id": "",
                                            "size": ""
                                        },
                                        "_background_slideshow_gallery": [],
                                        "_background_hover_image": {
                                            "url": "",
                                            "id": "",
                                            "size": ""
                                        },
                                        "_background_hover_video_fallback": {
                                            "url": "",
                                            "id": "",
                                            "size": ""
                                        },
                                        "_background_hover_slideshow_gallery": [],
                                        "_mask_image": {
                                            "url": "",
                                            "id": "",
                                            "size": ""
                                        }
                                    },
                                    "elements": [],
                                    "isInner": false,
                                    "widgetType": "heading",
                                    "elType": "widget"
                                },
                                {
                                    "id": "200dfef3",
                                    "settings": {
                                        "icon_list": [
                                            {
                                                "text": "2071 Jefferson Street Portsmouth, VA 23707",
                                                "selected_icon": {
                                                    "value": "fas fa-map-marker-alt",
                                                    "library": "fa-solid"
                                                },
                                                "_id": "a3bbeed",
                                                "link": {
                                                    "url": "#",
                                                    "is_external": "",
                                                    "nofollow": "",
                                                    "custom_attributes": ""
                                                }
                                            },
                                            {
                                                "text": "757-744-3103",
                                                "selected_icon": {
                                                    "value": "fas fa-phone-volume",
                                                    "library": "fa-solid"
                                                },
                                                "link": {
                                                    "url": "#",
                                                    "is_external": "",
                                                    "nofollow": "",
                                                    "custom_attributes": ""
                                                },
                                                "_id": "729f549"
                                            },
                                            {
                                                "_id": "1ef81d5",
                                                "text": "noemail@domain.com",
                                                "selected_icon": {
                                                    "value": "far fa-envelope",
                                                    "library": "fa-regular"
                                                },
                                                "link": {
                                                    "url": "#",
                                                    "is_external": "",
                                                    "nofollow": "",
                                                    "custom_attributes": ""
                                                }
                                            }
                                        ],
                                        "space_between": {
                                            "unit": "px",
                                            "size": 10,
                                            "sizes": []
                                        },
                                        "__globals__": {
                                            "text_color": "globals\/colors?id=fb4298e",
                                            "text_color_hover": "globals\/colors?id=primary",
                                            "icon_color": "globals\/colors?id=fb4298e",
                                            "icon_color_hover": "globals\/colors?id=primary"
                                        },
                                        "icon_align": "left",
                                        "_background_image": {
                                            "url": "",
                                            "id": "",
                                            "size": ""
                                        },
                                        "_background_video_fallback": {
                                            "url": "",
                                            "id": "",
                                            "size": ""
                                        },
                                        "_background_slideshow_gallery": [],
                                        "_background_hover_image": {
                                            "url": "",
                                            "id": "",
                                            "size": ""
                                        },
                                        "_background_hover_video_fallback": {
                                            "url": "",
                                            "id": "",
                                            "size": ""
                                        },
                                        "_background_hover_slideshow_gallery": [],
                                        "_mask_image": {
                                            "url": "",
                                            "id": "",
                                            "size": ""
                                        }
                                    },
                                    "elements": [],
                                    "isInner": false,
                                    "widgetType": "icon-list",
                                    "elType": "widget"
                                }
                            ],
                            "isInner": true,
                            "elType": "container"
                        }
                    ],
                    "isInner": true,
                    "elType": "container"
                },
                {
                    "id": "6feeb653",
                    "settings": {
                        "content_width": "full",
                        "flex_direction": "row",
                        "flex_justify_content": "space-between",
                        "flex_align_items": "center",
                        "flex_wrap": "wrap",
                        "flex_justify_content_mobile": "center",
                        "flex_gap": {
                            "column": "0",
                            "row": "0",
                            "isLinked": true,
                            "unit": "px",
                            "size": 0
                        },
                        "flex_gap_mobile": {
                            "column": "",
                            "row": "",
                            "isLinked": true,
                            "unit": "px",
                            "size": null
                        },
                        "background_image": {
                            "url": "",
                            "id": "",
                            "size": ""
                        },
                        "background_video_fallback": {
                            "url": "",
                            "id": "",
                            "size": ""
                        },
                        "background_slideshow_gallery": [],
                        "background_hover_image": {
                            "url": "",
                            "id": "",
                            "size": ""
                        },
                        "background_hover_video_fallback": {
                            "url": "",
                            "id": "",
                            "size": ""
                        },
                        "background_hover_slideshow_gallery": [],
                        "background_overlay_image": {
                            "url": "",
                            "id": "",
                            "size": ""
                        },
                        "background_overlay_video_fallback": {
                            "url": "",
                            "id": "",
                            "size": ""
                        },
                        "background_overlay_slideshow_gallery": [],
                        "background_overlay_hover_image": {
                            "url": "",
                            "id": "",
                            "size": ""
                        },
                        "background_overlay_hover_video_fallback": {
                            "url": "",
                            "id": "",
                            "size": ""
                        },
                        "background_overlay_hover_slideshow_gallery": []
                    },
                    "elements": [
                        {
                            "id": "691ba28a",
                            "settings": {
                                "text": "Divider",
                                "__globals__": {
                                    "color": ""
                                },
                                "color": "#7886A254",
                                "align": "center",
                                "_element_width": "inherit",
                                "_background_image": {
                                    "url": "",
                                    "id": "",
                                    "size": ""
                                },
                                "_background_video_fallback": {
                                    "url": "",
                                    "id": "",
                                    "size": ""
                                },
                                "_background_slideshow_gallery": [],
                                "_background_hover_image": {
                                    "url": "",
                                    "id": "",
                                    "size": ""
                                },
                                "_background_hover_video_fallback": {
                                    "url": "",
                                    "id": "",
                                    "size": ""
                                },
                                "_background_hover_slideshow_gallery": [],
                                "_mask_image": {
                                    "url": "",
                                    "id": "",
                                    "size": ""
                                }
                            },
                            "elements": [],
                            "isInner": false,
                            "widgetType": "divider",
                            "elType": "widget"
                        },
                        {
                            "id": "7e53514c",
                            "settings": {
                                "editor": "",
                                "align": "left",
                                "__dynamic__": {
                                    "editor": "[elementor-tag id=\"d1c1673\" name=\"current-date-time\" settings=\"%7B%22date_format%22%3A%22custom%22%2C%22custom_format%22%3A%22Y%20%22%2C%22before%22%3A%22%C2%A9%22%2C%22after%22%3A%22%20-%20Law%26Order%20Template%20Kit%20by%20TemplateUp%22%7D\"]"
                                },
                                "__globals__": {
                                    "text_color": "globals\/colors?id=fb4298e",
                                    "typography_typography": "globals\/typography?id=a2e284e"
                                },
                                "align_mobile": "center",
                                "_element_width": "auto",
                                "_margin_mobile": {
                                    "unit": "px",
                                    "top": "0",
                                    "right": "0",
                                    "bottom": "10",
                                    "left": "0",
                                    "isLinked": false
                                },
                                "_background_image": {
                                    "url": "",
                                    "id": "",
                                    "size": ""
                                },
                                "_background_video_fallback": {
                                    "url": "",
                                    "id": "",
                                    "size": ""
                                },
                                "_background_slideshow_gallery": [],
                                "_background_hover_image": {
                                    "url": "",
                                    "id": "",
                                    "size": ""
                                },
                                "_background_hover_video_fallback": {
                                    "url": "",
                                    "id": "",
                                    "size": ""
                                },
                                "_background_hover_slideshow_gallery": [],
                                "_mask_image": {
                                    "url": "",
                                    "id": "",
                                    "size": ""
                                }
                            },
                            "elements": [],
                            "isInner": false,
                            "widgetType": "text-editor",
                            "elType": "widget"
                        },
                        {
                            "id": "2411ea03",
                            "settings": {
                                "view": "inline",
                                "icon_list": [
                                    {
                                        "text": "Privacy Policy",
                                        "selected_icon": {
                                            "value": "",
                                            "library": ""
                                        },
                                        "_id": "4d02565",
                                        "link": {
                                            "url": "#",
                                            "is_external": "",
                                            "nofollow": "",
                                            "custom_attributes": ""
                                        }
                                    },
                                    {
                                        "text": "Terms & conditions",
                                        "selected_icon": {
                                            "value": "",
                                            "library": ""
                                        },
                                        "_id": "5fe0787",
                                        "link": {
                                            "url": "#",
                                            "is_external": "",
                                            "nofollow": "",
                                            "custom_attributes": ""
                                        }
                                    }
                                ],
                                "icon_align": "right",
                                "divider": "yes",
                                "divider_color": "#3F3F3F",
                                "__globals__": {
                                    "divider_color": "",
                                    "text_color": "globals\/colors?id=fb4298e",
                                    "text_color_hover": "globals\/colors?id=secondary",
                                    "icon_typography_typography": "globals\/typography?id=a2e284e"
                                },
                                "icon_align_mobile": "center",
                                "_element_width": "auto",
                                "divider_height": {
                                    "unit": "%",
                                    "size": 25,
                                    "sizes": []
                                },
                                "text_color": "#000000",
                                "text_color_hover": "#046158",
                                "_background_image": {
                                    "url": "",
                                    "id": "",
                                    "size": ""
                                },
                                "_background_video_fallback": {
                                    "url": "",
                                    "id": "",
                                    "size": ""
                                },
                                "_background_slideshow_gallery": [],
                                "_background_hover_image": {
                                    "url": "",
                                    "id": "",
                                    "size": ""
                                },
                                "_background_hover_video_fallback": {
                                    "url": "",
                                    "id": "",
                                    "size": ""
                                },
                                "_background_hover_slideshow_gallery": [],
                                "_mask_image": {
                                    "url": "",
                                    "id": "",
                                    "size": ""
                                }
                            },
                            "elements": [],
                            "isInner": false,
                            "widgetType": "icon-list",
                            "elType": "widget"
                        }
                    ],
                    "isInner": true,
                    "elType": "container"
                }
            ],
            "isInner": false,
            "elType": "container"
        }
    ]
}