{
    "version": "0.4",
    "title": "Global Kit Styles",
    "type": "section",
    "metadata": {
        "template_type": "global-styles",
        "include_in_zip": "1",
        "elementor_pro_required": null,
        "additional_template_information": [
            "These are the global theme styles configured through the Elementor Theme Styles area."
        ],
        "wp_page_template": "default"
    },
    "content": [],
    "page_settings": {
        "system_colors": [
            {
                "_id": "primary",
                "title": "Dark Orange (Secondary)",
                "color": "#FF8C00"
            },
            {
                "_id": "secondary",
                "title": "Blue Green Wheel (Secondary)",
                "color": "#046158"
            },
            {
                "_id": "text",
                "title": "Davy's Gray (Text)",
                "color": "#595959"
            },
            {
                "_id": "accent",
                "title": "White (Accent)",
                "color": "#FFFFFF"
            }
        ],
        "custom_colors": [
            {
                "_id": "a46e72b",
                "title": "White",
                "color": "#FFFFFF"
            },
            {
                "_id": "fb4298e",
                "title": "Black",
                "color": "#000000"
            },
            {
                "_id": "eca9d91",
                "title": "Pine Green",
                "color": "#05766A"
            },
            {
                "_id": "5986b49",
                "title": "Orange Pantone",
                "color": "#FF5A00"
            },
            {
                "_id": "85330d4",
                "title": "Slate Blue",
                "color": "#5F5BCA"
            },
            {
                "_id": "fe5f684",
                "title": "Fluorescent Blue",
                "color": "#00E6EF"
            },
            {
                "_id": "707fd6a",
                "title": "Aero Blue",
                "color": "#C7E9D2"
            },
            {
                "_id": "25c9655",
                "title": "Alabaster 100%",
                "color": "#EAE9E1"
            },
            {
                "_id": "d50d898",
                "title": "Alabaster 50%",
                "color": "#F0F2E7"
            },
            {
                "_id": "e0748e4",
                "title": "Persian Green",
                "color": "#10AB9B"
            },
            {
                "_id": "ff01fce",
                "title": "Medium Aquamarine",
                "color": "#7BEEAD"
            },
            {
                "_id": "3aadd44",
                "title": "French Rose",
                "color": "#FA5285"
            },
            {
                "_id": "c900641",
                "title": "Light Coral",
                "color": "#FC8B8B"
            }
        ],
        "system_typography": [
            {
                "_id": "primary",
                "title": "Primary Headline",
                "typography_typography": "custom",
                "typography_font_family": "Cormorant Unicase",
                "typography_font_weight": "300",
                "typography_text_transform": "lowercase",
                "typography_font_style": "normal",
                "typography_text_decoration": "none"
            },
            {
                "_id": "secondary",
                "title": "Secondary Headline",
                "typography_typography": "custom",
                "typography_font_family": "Alegreya",
                "typography_font_weight": "400",
                "typography_text_transform": "none",
                "typography_font_style": "normal",
                "typography_text_decoration": "none"
            },
            {
                "_id": "text",
                "title": "Body Text",
                "typography_typography": "custom",
                "typography_font_family": "Alegreya",
                "typography_font_weight": "400",
                "typography_font_size": {
                    "unit": "px",
                    "size": 18,
                    "sizes": []
                },
                "typography_line_height": {
                    "unit": "em",
                    "size": 1.8,
                    "sizes": []
                },
                "typography_text_transform": "none",
                "typography_font_style": "normal",
                "typography_text_decoration": "none"
            },
            {
                "_id": "accent",
                "title": "Accent Text",
                "typography_typography": "custom",
                "typography_font_family": "Alegreya",
                "typography_font_weight": "500",
                "typography_font_size": {
                    "unit": "px",
                    "size": 19,
                    "sizes": []
                },
                "typography_line_height": {
                    "unit": "em",
                    "size": 1.8,
                    "sizes": []
                },
                "typography_text_transform": "capitalize",
                "typography_font_style": "normal",
                "typography_text_decoration": "none"
            }
        ],
        "custom_typography": [
            {
                "_id": "66defd7",
                "title": "H1",
                "typography_typography": "custom",
                "typography_font_family": "Cormorant Unicase",
                "typography_font_size": {
                    "unit": "px",
                    "size": 53.75,
                    "sizes": []
                },
                "typography_font_weight": "500",
                "typography_line_height": {
                    "unit": "em",
                    "size": 0.9,
                    "sizes": []
                },
                "typography_font_size_mobile": {
                    "unit": "px",
                    "size": 49.77,
                    "sizes": []
                },
                "typography_text_transform": "lowercase",
                "typography_font_style": "normal",
                "typography_text_decoration": "none",
                "typography_letter_spacing": {
                    "unit": "px",
                    "size": -4,
                    "sizes": []
                }
            },
            {
                "_id": "2604b0b",
                "title": "H2",
                "typography_typography": "custom",
                "typography_font_family": "Cormorant Unicase",
                "typography_font_size": {
                    "unit": "px",
                    "size": 44.79,
                    "sizes": []
                },
                "typography_font_weight": "500",
                "typography_line_height": {
                    "unit": "em",
                    "size": 0.9,
                    "sizes": []
                },
                "typography_font_size_mobile": {
                    "unit": "px",
                    "size": 41.47,
                    "sizes": []
                },
                "typography_text_transform": "lowercase",
                "typography_font_style": "normal",
                "typography_text_decoration": "none",
                "typography_letter_spacing": {
                    "unit": "px",
                    "size": -1,
                    "sizes": []
                }
            },
            {
                "_id": "ea414f5",
                "title": "H3",
                "typography_typography": "custom",
                "typography_font_family": "Cormorant Unicase",
                "typography_font_size": {
                    "unit": "px",
                    "size": 37.32,
                    "sizes": []
                },
                "typography_font_weight": "500",
                "typography_line_height": {
                    "unit": "em",
                    "size": 0.9,
                    "sizes": []
                },
                "typography_font_size_mobile": {
                    "unit": "px",
                    "size": 34.56,
                    "sizes": []
                },
                "typography_text_transform": "lowercase",
                "typography_font_style": "normal",
                "typography_text_decoration": "none",
                "typography_letter_spacing": {
                    "unit": "px",
                    "size": -1,
                    "sizes": []
                }
            },
            {
                "_id": "af5f0ec",
                "title": "H4",
                "typography_typography": "custom",
                "typography_font_family": "Cormorant Unicase",
                "typography_font_size": {
                    "unit": "px",
                    "size": 31.1,
                    "sizes": []
                },
                "typography_font_weight": "500",
                "typography_line_height": {
                    "unit": "em",
                    "size": 1,
                    "sizes": []
                },
                "typography_font_size_mobile": {
                    "unit": "px",
                    "size": 28.8,
                    "sizes": []
                },
                "typography_text_transform": "lowercase",
                "typography_font_style": "normal",
                "typography_text_decoration": "none",
                "typography_letter_spacing": {
                    "unit": "px",
                    "size": -1,
                    "sizes": []
                }
            },
            {
                "_id": "2883fad",
                "title": "H5",
                "typography_typography": "custom",
                "typography_font_family": "Cormorant Unicase",
                "typography_font_size": {
                    "unit": "px",
                    "size": 25.92,
                    "sizes": []
                },
                "typography_font_weight": "500",
                "typography_line_height": {
                    "unit": "em",
                    "size": 1.1,
                    "sizes": []
                },
                "typography_font_size_mobile": {
                    "unit": "px",
                    "size": 24,
                    "sizes": []
                },
                "typography_text_transform": "lowercase",
                "typography_font_style": "normal",
                "typography_text_decoration": "none",
                "typography_letter_spacing": {
                    "unit": "px",
                    "size": -0.5,
                    "sizes": []
                }
            },
            {
                "_id": "91c7782",
                "title": "H6",
                "typography_typography": "custom",
                "typography_font_family": "Cormorant Unicase",
                "typography_font_size": {
                    "unit": "px",
                    "size": 21.6,
                    "sizes": []
                },
                "typography_font_weight": "500",
                "typography_line_height": {
                    "unit": "em",
                    "size": 1.2,
                    "sizes": []
                },
                "typography_font_size_mobile": {
                    "unit": "px",
                    "size": 20,
                    "sizes": []
                },
                "typography_text_transform": "lowercase",
                "typography_font_style": "normal",
                "typography_text_decoration": "none",
                "typography_letter_spacing": {
                    "unit": "px",
                    "size": -0.5,
                    "sizes": []
                }
            },
            {
                "_id": "8e45c84",
                "title": "Large Text",
                "typography_typography": "custom",
                "typography_font_family": "Alegreya",
                "typography_font_size": {
                    "unit": "px",
                    "size": 20,
                    "sizes": []
                },
                "typography_font_weight": "400",
                "typography_line_height": {
                    "unit": "em",
                    "size": 1.8,
                    "sizes": []
                },
                "typography_text_transform": "none",
                "typography_font_style": "normal",
                "typography_text_decoration": "none"
            },
            {
                "_id": "a2e284e",
                "title": "Small Text",
                "typography_typography": "custom",
                "typography_font_family": "Alegreya",
                "typography_font_size": {
                    "unit": "px",
                    "size": 16,
                    "sizes": []
                },
                "typography_font_weight": "400",
                "typography_text_transform": "none",
                "typography_font_style": "normal",
                "typography_text_decoration": "none",
                "typography_line_height": {
                    "unit": "em",
                    "size": 1.8,
                    "sizes": []
                }
            },
            {
                "_id": "57011a0",
                "title": "Slider Hero",
                "typography_typography": "custom",
                "typography_font_family": "Cormorant Unicase",
                "typography_font_size": {
                    "unit": "px",
                    "size": 100,
                    "sizes": []
                },
                "typography_font_weight": "500",
                "typography_text_transform": "lowercase",
                "typography_font_style": "normal",
                "typography_text_decoration": "none",
                "typography_line_height": {
                    "unit": "em",
                    "size": 0.9,
                    "sizes": []
                },
                "typography_letter_spacing": {
                    "unit": "px",
                    "size": -2,
                    "sizes": []
                },
                "typography_font_size_mobile": {
                    "unit": "px",
                    "size": 60,
                    "sizes": []
                },
                "typography_font_size_laptop": {
                    "unit": "px",
                    "size": 85,
                    "sizes": []
                }
            },
            {
                "typography_typography": "custom",
                "typography_font_family": "Cinzel Decorative",
                "typography_font_size": {
                    "unit": "px",
                    "size": 24,
                    "sizes": []
                },
                "typography_font_weight": "600",
                "typography_line_height": {
                    "unit": "em",
                    "size": 1.2,
                    "sizes": []
                },
                "_id": "2a25815",
                "title": "Phone Header",
                "typography_text_transform": "lowercase",
                "typography_font_style": "normal",
                "typography_text_decoration": "none"
            }
        ],
        "default_generic_fonts": "Sans-serif",
        "button_background_background": "gradient",
        "button_background_gradient_angle": {
            "unit": "deg",
            "size": 90,
            "sizes": []
        },
        "button_hover_background_background": "gradient",
        "button_hover_background_gradient_angle": {
            "unit": "deg",
            "size": 90,
            "sizes": []
        },
        "page_title_selector": "h1.entry-title",
        "activeItemIndex": 1,
        "__globals__": {
            "h1_typography_typography": "globals\/typography?id=66defd7",
            "h2_typography_typography": "globals\/typography?id=2604b0b",
            "h3_typography_typography": "globals\/typography?id=ea414f5",
            "h4_typography_typography": "globals\/typography?id=af5f0ec",
            "h5_typography_typography": "globals\/typography?id=2883fad",
            "h6_typography_typography": "globals\/typography?id=91c7782",
            "h1_color": "globals\/colors?id=fb4298e",
            "h2_color": "globals\/colors?id=fb4298e",
            "h3_color": "globals\/colors?id=fb4298e",
            "h4_color": "globals\/colors?id=fb4298e",
            "h5_color": "globals\/colors?id=fb4298e",
            "body_color": "globals\/colors?id=text",
            "body_typography_typography": "globals\/typography?id=text",
            "button_typography_typography": "globals\/typography?id=accent",
            "button_text_color": "globals\/colors?id=accent",
            "button_background_color": "globals\/colors?id=primary",
            "button_background_color_b": "globals\/colors?id=5986b49",
            "button_hover_text_color": "globals\/colors?id=accent",
            "button_hover_background_color": "globals\/colors?id=secondary",
            "button_hover_background_color_b": "globals\/colors?id=eca9d91",
            "h6_color": "globals\/colors?id=fb4298e",
            "form_label_typography_typography": "globals\/typography?id=text",
            "form_field_typography_typography": "globals\/typography?id=text",
            "form_field_text_color": "globals\/colors?id=text",
            "form_field_border_color": "globals\/colors?id=d50d898",
            "link_normal_color": "globals\/colors?id=fb4298e",
            "link_hover_color": "globals\/colors?id=primary"
        },
        "viewport_md": 768,
        "viewport_lg": 1025,
        "container_width": {
            "unit": "px",
            "size": 1280,
            "sizes": []
        },
        "form_field_border_border": "solid",
        "form_field_border_width": {
            "unit": "px",
            "top": "1",
            "right": "1",
            "bottom": "1",
            "left": "1",
            "isLinked": true
        },
        "form_field_border_radius": {
            "unit": "px",
            "top": "10",
            "right": "10",
            "bottom": "10",
            "left": "10",
            "isLinked": true
        },
        "button_border_border": "none",
        "button_border_radius": {
            "unit": "px",
            "top": "5",
            "right": "5",
            "bottom": "5",
            "left": "5",
            "isLinked": true
        },
        "button_hover_border_border": "none",
        "button_hover_border_radius": {
            "unit": "px",
            "top": "5",
            "right": "5",
            "bottom": "5",
            "left": "5",
            "isLinked": true
        },
        "hello_footer_copyright_text": "All rights reserved",
        "active_breakpoints": [
            "viewport_mobile",
            "viewport_mobile_extra",
            "viewport_tablet",
            "viewport_tablet_extra",
            "viewport_laptop",
            "viewport_widescreen"
        ],
        "button_background_video_fallback": {
            "url": "",
            "id": "",
            "size": ""
        },
        "button_background_slideshow_gallery": [],
        "button_hover_background_video_fallback": {
            "url": "",
            "id": "",
            "size": ""
        },
        "button_hover_background_slideshow_gallery": [],
        "body_background_image": {
            "url": "",
            "id": "",
            "size": ""
        },
        "body_background_video_fallback": {
            "url": "",
            "id": "",
            "size": ""
        },
        "body_background_slideshow_gallery": [],
        "settings_page_transitions_background_video_fallback": {
            "url": "",
            "id": "",
            "size": ""
        },
        "settings_page_transitions_background_slideshow_gallery": [],
        "settings_page_transitions_preloader_image": {
            "url": "",
            "id": "",
            "size": ""
        },
        "hello_header_background_image": {
            "url": "",
            "id": "",
            "size": ""
        },
        "hello_header_background_video_fallback": {
            "url": "",
            "id": "",
            "size": ""
        },
        "hello_header_background_slideshow_gallery": [],
        "hello_footer_background_image": {
            "url": "",
            "id": "",
            "size": ""
        },
        "hello_footer_background_video_fallback": {
            "url": "",
            "id": "",
            "size": ""
        },
        "hello_footer_background_slideshow_gallery": []
    }
}