{
    "version": "0.4",
    "title": "Header",
    "type": "header",
    "metadata": {
        "template_type": "section-header",
        "include_in_zip": "1",
        "elementor_pro_required": "1",
        "elementor_library_type": "header",
        "elementor_pro_conditions": [
            "include\/general"
        ],
        "additional_template_information": [
            "This is a \"Header\" template for Elementor Pro.",
            "This template will display on: Entire site."
        ],
        "wp_page_template": "default"
    },
    "content": [
        {
            "id": "129f7ea5",
            "settings": {
                "padding": {
                    "unit": "px",
                    "top": "20",
                    "right": "20",
                    "bottom": "20",
                    "left": "20",
                    "isLinked": true
                },
                "structure": "20",
                "html_tag": "div",
                "z_index": 999,
                "border_border": "solid",
                "border_width": {
                    "unit": "px",
                    "top": "0",
                    "right": "0",
                    "bottom": "1",
                    "left": "0",
                    "isLinked": false
                },
                "__globals__": {
                    "border_color": "globals\/colors?id=d50d898"
                },
                "flex_direction": "row",
                "flex_align_items": "stretch",
                "flex_gap": {
                    "size": 10,
                    "column": "10",
                    "row": "10",
                    "unit": "px",
                    "isLinked": true
                },
                "_title": "Header",
                "flex_justify_content_tablet": "center",
                "background_image": {
                    "url": "",
                    "id": "",
                    "size": ""
                },
                "background_video_fallback": {
                    "url": "",
                    "id": "",
                    "size": ""
                },
                "background_slideshow_gallery": [],
                "background_hover_image": {
                    "url": "",
                    "id": "",
                    "size": ""
                },
                "background_hover_video_fallback": {
                    "url": "",
                    "id": "",
                    "size": ""
                },
                "background_hover_slideshow_gallery": [],
                "background_overlay_image": {
                    "url": "",
                    "id": "",
                    "size": ""
                },
                "background_overlay_video_fallback": {
                    "url": "",
                    "id": "",
                    "size": ""
                },
                "background_overlay_slideshow_gallery": [],
                "background_overlay_hover_image": {
                    "url": "",
                    "id": "",
                    "size": ""
                },
                "background_overlay_hover_video_fallback": {
                    "url": "",
                    "id": "",
                    "size": ""
                },
                "background_overlay_hover_slideshow_gallery": []
            },
            "elements": [
                {
                    "id": "13265e7c",
                    "settings": {
                        "_column_size": 50,
                        "width": {
                            "size": 20,
                            "unit": "%"
                        },
                        "__globals__": {
                            "border_color": ""
                        },
                        "align": "flex-start",
                        "flex_justify_content": "flex-start",
                        "width_tablet": {
                            "size": 30,
                            "unit": "%"
                        },
                        "width_mobile": {
                            "size": 70,
                            "unit": "%"
                        },
                        "content_width": "full",
                        "width_tablet_extra": {
                            "unit": "%",
                            "size": 25,
                            "sizes": []
                        },
                        "width_mobile_extra": {
                            "unit": "%",
                            "size": "",
                            "sizes": []
                        },
                        "flex_direction": "row",
                        "flex_align_items": "center",
                        "flex_gap": {
                            "column": "0",
                            "row": "0",
                            "isLinked": true,
                            "unit": "px",
                            "size": 0
                        },
                        "flex_wrap": "nowrap",
                        "width_laptop": {
                            "unit": "%",
                            "size": 20,
                            "sizes": []
                        },
                        "flex_direction_mobile_extra": "row",
                        "flex_justify_content_tablet": "flex-start",
                        "background_image": {
                            "url": "",
                            "id": "",
                            "size": ""
                        },
                        "background_video_fallback": {
                            "url": "",
                            "id": "",
                            "size": ""
                        },
                        "background_slideshow_gallery": [],
                        "background_hover_image": {
                            "url": "",
                            "id": "",
                            "size": ""
                        },
                        "background_hover_video_fallback": {
                            "url": "",
                            "id": "",
                            "size": ""
                        },
                        "background_hover_slideshow_gallery": [],
                        "background_overlay_image": {
                            "url": "",
                            "id": "",
                            "size": ""
                        },
                        "background_overlay_video_fallback": {
                            "url": "",
                            "id": "",
                            "size": ""
                        },
                        "background_overlay_slideshow_gallery": [],
                        "background_overlay_hover_image": {
                            "url": "",
                            "id": "",
                            "size": ""
                        },
                        "background_overlay_hover_video_fallback": {
                            "url": "",
                            "id": "",
                            "size": ""
                        },
                        "background_overlay_hover_slideshow_gallery": []
                    },
                    "elements": [
                        {
                            "id": "3643cf1",
                            "settings": {
                                "space": {
                                    "unit": "px",
                                    "size": 40,
                                    "sizes": []
                                },
                                "_element_width": "initial",
                                "_element_custom_width": {
                                    "unit": "px",
                                    "size": 40,
                                    "sizes": []
                                },
                                "_background_background": "classic",
                                "_mask_shape": "",
                                "_mask_image": {
                                    "url": "",
                                    "id": "",
                                    "size": ""
                                },
                                "__globals__": {
                                    "_background_color": ""
                                },
                                "_background_image": {
                                    "url": "https:\/\/templateup.site\/law-order\/wp-content\/uploads\/sites\/34\/2024\/09\/logo-tt-.png",
                                    "id": 232,
                                    "size": "",
                                    "alt": "",
                                    "source": "library"
                                },
                                "_background_position": "center center",
                                "_background_repeat": "no-repeat",
                                "_background_size": "contain",
                                "_background_video_fallback": {
                                    "url": "",
                                    "id": "",
                                    "size": ""
                                },
                                "_background_slideshow_gallery": [],
                                "_background_hover_image": {
                                    "url": "",
                                    "id": "",
                                    "size": ""
                                },
                                "_background_hover_video_fallback": {
                                    "url": "",
                                    "id": "",
                                    "size": ""
                                },
                                "_background_hover_slideshow_gallery": []
                            },
                            "elements": [],
                            "isInner": false,
                            "widgetType": "spacer",
                            "elType": "widget"
                        },
                        {
                            "id": "1bdbb530",
                            "settings": {
                                "title": "Law&Order",
                                "header_size": "div",
                                "_margin": {
                                    "unit": "px",
                                    "top": "0",
                                    "right": "0",
                                    "bottom": "0",
                                    "left": "10",
                                    "isLinked": false
                                },
                                "_element_width": "auto",
                                "_element_vertical_align": "center",
                                "__globals__": {
                                    "typography_typography": "globals\/typography?id=af5f0ec",
                                    "title_color": "globals\/colors?id=fb4298e"
                                },
                                "__dynamic__": {
                                    "link": "[elementor-tag id=\"d628f71\" name=\"site-url\" settings=\"%7B%7D\"]"
                                },
                                "_background_image": {
                                    "url": "",
                                    "id": "",
                                    "size": ""
                                },
                                "_background_video_fallback": {
                                    "url": "",
                                    "id": "",
                                    "size": ""
                                },
                                "_background_slideshow_gallery": [],
                                "_background_hover_image": {
                                    "url": "",
                                    "id": "",
                                    "size": ""
                                },
                                "_background_hover_video_fallback": {
                                    "url": "",
                                    "id": "",
                                    "size": ""
                                },
                                "_background_hover_slideshow_gallery": [],
                                "_mask_image": {
                                    "url": "",
                                    "id": "",
                                    "size": ""
                                }
                            },
                            "elements": [],
                            "isInner": false,
                            "widgetType": "heading",
                            "elType": "widget"
                        }
                    ],
                    "isInner": true,
                    "elType": "container"
                },
                {
                    "id": "693eab27",
                    "settings": {
                        "content_width": "full",
                        "width_laptop": {
                            "unit": "%",
                            "size": 80,
                            "sizes": []
                        },
                        "width_tablet_extra": {
                            "unit": "%",
                            "size": 75,
                            "sizes": []
                        },
                        "width_tablet": {
                            "unit": "%",
                            "size": "",
                            "sizes": []
                        },
                        "width_mobile_extra": {
                            "unit": "%",
                            "size": "",
                            "sizes": []
                        },
                        "width_mobile": {
                            "unit": "%",
                            "size": 25,
                            "sizes": []
                        },
                        "flex_direction": "row",
                        "flex_direction_tablet_extra": "row",
                        "flex_direction_tablet": "row",
                        "flex_justify_content": "flex-end",
                        "flex_justify_content_tablet_extra": "flex-end",
                        "flex_justify_content_tablet": "flex-end",
                        "flex_align_items": "center",
                        "flex_align_items_tablet_extra": "center",
                        "flex_align_items_tablet": "flex-end",
                        "flex_wrap": "nowrap",
                        "flex_wrap_tablet": "nowrap",
                        "background_image": {
                            "url": "",
                            "id": "",
                            "size": ""
                        },
                        "background_video_fallback": {
                            "url": "",
                            "id": "",
                            "size": ""
                        },
                        "background_slideshow_gallery": [],
                        "background_hover_image": {
                            "url": "",
                            "id": "",
                            "size": ""
                        },
                        "background_hover_video_fallback": {
                            "url": "",
                            "id": "",
                            "size": ""
                        },
                        "background_hover_slideshow_gallery": [],
                        "background_overlay_image": {
                            "url": "",
                            "id": "",
                            "size": ""
                        },
                        "background_overlay_video_fallback": {
                            "url": "",
                            "id": "",
                            "size": ""
                        },
                        "background_overlay_slideshow_gallery": [],
                        "background_overlay_hover_image": {
                            "url": "",
                            "id": "",
                            "size": ""
                        },
                        "background_overlay_hover_video_fallback": {
                            "url": "",
                            "id": "",
                            "size": ""
                        },
                        "background_overlay_hover_slideshow_gallery": []
                    },
                    "elements": [
                        {
                            "id": "9a3179b",
                            "settings": {
                                "menu": "main-menu",
                                "pointer": "text",
                                "animation_text": "float",
                                "_element_vertical_align": "center",
                                "__globals__": {
                                    "color_menu_item": "globals\/colors?id=fb4298e",
                                    "color_menu_item_hover": "globals\/colors?id=primary",
                                    "menu_typography_typography": "globals\/typography?id=accent",
                                    "dropdown_typography_typography": "globals\/typography?id=text",
                                    "dropdown_divider_color": "globals\/colors?id=d50d898",
                                    "background_color_dropdown_item_hover": "globals\/colors?id=a46e72b",
                                    "color_dropdown_item_hover": "globals\/colors?id=primary",
                                    "color_dropdown_item": "globals\/colors?id=fb4298e",
                                    "background_color_dropdown_item": "globals\/colors?id=a46e72b",
                                    "toggle_color": "globals\/colors?id=primary",
                                    "toggle_color_hover": "globals\/colors?id=secondary",
                                    "color_dropdown_item_active": "globals\/colors?id=accent",
                                    "background_color_dropdown_item_active": "globals\/colors?id=secondary"
                                },
                                "menu_typography_typography": "custom",
                                "menu_typography_font_family": "Alegreya",
                                "menu_typography_font_size": {
                                    "unit": "px",
                                    "size": 19,
                                    "sizes": []
                                },
                                "menu_typography_font_weight": "500",
                                "menu_typography_text_transform": "capitalize",
                                "menu_typography_line_height": {
                                    "unit": "em",
                                    "size": 1.8,
                                    "sizes": []
                                },
                                "color_menu_item": "#000000",
                                "color_menu_item_hover": "#FF8C00",
                                "dropdown_typography_typography": "custom",
                                "dropdown_typography_font_family": "Alegreya",
                                "dropdown_typography_font_size": {
                                    "unit": "px",
                                    "size": 20,
                                    "sizes": []
                                },
                                "dropdown_typography_font_weight": "400",
                                "dropdown_box_shadow_box_shadow_type": "yes",
                                "dropdown_box_shadow_box_shadow": {
                                    "horizontal": 0,
                                    "vertical": 0,
                                    "blur": 30,
                                    "spread": 0,
                                    "color": "rgba(0, 0, 0, 0.1)"
                                },
                                "padding_vertical_dropdown_item": {
                                    "unit": "px",
                                    "size": 20,
                                    "sizes": []
                                },
                                "dropdown_divider_border": "solid",
                                "dropdown_divider_color": "#F0F2E7",
                                "dropdown_divider_width": {
                                    "unit": "px",
                                    "size": 1,
                                    "sizes": []
                                },
                                "dropdown_typography_line_height": {
                                    "unit": "em",
                                    "size": 1.8,
                                    "sizes": []
                                },
                                "padding_horizontal_menu_item": {
                                    "unit": "px",
                                    "size": 10,
                                    "sizes": []
                                },
                                "full_width": "stretch",
                                "dropdown_top_distance_tablet": {
                                    "unit": "px",
                                    "size": 30,
                                    "sizes": []
                                },
                                "toggle_background_color": "#00000000",
                                "dropdown_top_distance_mobile": {
                                    "unit": "px",
                                    "size": 30,
                                    "sizes": []
                                },
                                "toggle_size_mobile": {
                                    "unit": "px",
                                    "size": 24,
                                    "sizes": []
                                },
                                "align_items": "end",
                                "submenu_icon": {
                                    "value": "fas fa-angle-down",
                                    "library": "fa-solid"
                                },
                                "padding_vertical_menu_item": {
                                    "unit": "px",
                                    "size": 10,
                                    "sizes": []
                                },
                                "padding_horizontal_dropdown_item": {
                                    "unit": "px",
                                    "size": 10,
                                    "sizes": []
                                },
                                "toggle_background_color_hover": "#00000000",
                                "toggle_size": {
                                    "unit": "px",
                                    "size": 24,
                                    "sizes": []
                                },
                                "toggle_border_width": {
                                    "unit": "px",
                                    "size": 0,
                                    "sizes": []
                                },
                                "toggle_border_radius": {
                                    "unit": "px",
                                    "size": 0,
                                    "sizes": []
                                },
                                "padding_horizontal_dropdown_item_tablet": {
                                    "unit": "px",
                                    "size": 30,
                                    "sizes": []
                                },
                                "menu_id": 9,
                                "dropdown": "tablet_extra",
                                "toggle_align": "right",
                                "toggle_size_tablet_extra": {
                                    "unit": "px",
                                    "size": 32,
                                    "sizes": []
                                },
                                "toggle_size_mobile_extra": {
                                    "unit": "px",
                                    "size": 28,
                                    "sizes": []
                                },
                                "_flex_align_self_tablet": "flex-end",
                                "dropdown_top_distance_mobile_extra": {
                                    "unit": "px",
                                    "size": 40,
                                    "sizes": []
                                },
                                "_margin_tablet": {
                                    "unit": "px",
                                    "top": "0",
                                    "right": "0",
                                    "bottom": "10",
                                    "left": "0",
                                    "isLinked": false
                                },
                                "_margin_mobile": {
                                    "unit": "px",
                                    "top": "0",
                                    "right": "0",
                                    "bottom": "0",
                                    "left": "0",
                                    "isLinked": true
                                },
                                "menu_name": "Menu",
                                "_background_image": {
                                    "url": "",
                                    "id": "",
                                    "size": ""
                                },
                                "_background_video_fallback": {
                                    "url": "",
                                    "id": "",
                                    "size": ""
                                },
                                "_background_slideshow_gallery": [],
                                "_background_hover_image": {
                                    "url": "",
                                    "id": "",
                                    "size": ""
                                },
                                "_background_hover_video_fallback": {
                                    "url": "",
                                    "id": "",
                                    "size": ""
                                },
                                "_background_hover_slideshow_gallery": [],
                                "_mask_image": {
                                    "url": "",
                                    "id": "",
                                    "size": ""
                                }
                            },
                            "elements": [],
                            "isInner": false,
                            "widgetType": "nav-menu",
                            "elType": "widget"
                        },
                        {
                            "id": "7c6da084",
                            "settings": {
                                "icon_list": [
                                    {
                                        "text": "+757 744 3103",
                                        "selected_icon": {
                                            "value": "fab fa-whatsapp",
                                            "library": "fa-brands"
                                        },
                                        "_id": "6e58aa8",
                                        "link": {
                                            "url": "#",
                                            "is_external": "",
                                            "nofollow": "",
                                            "custom_attributes": ""
                                        }
                                    }
                                ],
                                "icon_size": {
                                    "unit": "px",
                                    "size": 24,
                                    "sizes": []
                                },
                                "_padding": {
                                    "unit": "px",
                                    "top": "20",
                                    "right": "20",
                                    "bottom": "20",
                                    "left": "20",
                                    "isLinked": true
                                },
                                "_element_width": "auto",
                                "_background_background": "gradient",
                                "_background_hover_background": "gradient",
                                "_border_radius": {
                                    "unit": "px",
                                    "top": "10",
                                    "right": "10",
                                    "bottom": "10",
                                    "left": "10",
                                    "isLinked": true
                                },
                                "__globals__": {
                                    "icon_color": "globals\/colors?id=accent",
                                    "icon_typography_typography": "globals\/typography?id=2883fad",
                                    "_background_color": "globals\/colors?id=primary",
                                    "_background_color_b": "globals\/colors?id=5986b49",
                                    "text_color": "globals\/colors?id=accent",
                                    "_background_hover_color": "globals\/colors?id=secondary",
                                    "_background_hover_color_b": "globals\/colors?id=eca9d91"
                                },
                                "icon_color": "#FFFFFF",
                                "text_color": "#FFFFFF",
                                "_background_color_b": "#FF5A00",
                                "_background_hover_color": "#5BC180",
                                "_background_hover_color_b": "#5BC180",
                                "hide_mobile": "hidden-mobile",
                                "icon_align": "center",
                                "hide_mobile_extra": "hidden-mobile_extra",
                                "_background_image": {
                                    "url": "",
                                    "id": "",
                                    "size": ""
                                },
                                "_background_video_fallback": {
                                    "url": "",
                                    "id": "",
                                    "size": ""
                                },
                                "_background_slideshow_gallery": [],
                                "_background_hover_image": {
                                    "url": "",
                                    "id": "",
                                    "size": ""
                                },
                                "_background_hover_video_fallback": {
                                    "url": "",
                                    "id": "",
                                    "size": ""
                                },
                                "_background_hover_slideshow_gallery": [],
                                "_mask_image": {
                                    "url": "",
                                    "id": "",
                                    "size": ""
                                }
                            },
                            "elements": [],
                            "isInner": false,
                            "widgetType": "icon-list",
                            "elType": "widget"
                        }
                    ],
                    "isInner": true,
                    "elType": "container"
                }
            ],
            "isInner": false,
            "elType": "container"
        }
    ]
}